date,close
2004-02-03,16.0
2004-02-04,15.8
2004-02-05,15.75
2004-02-06,15.72
2004-02-09,15.85
2004-02-10,15.86
2004-02-11,15.84
2004-02-12,15.75
2004-02-13,15.8
2004-02-17,15.65
2004-02-18,15.7
2004-02-19,15.75
2004-02-20,15.8
2004-02-23,15.75
2004-02-24,15.5
2004-02-25,15.63
2004-02-26,15.63
2004-02-27,15.8
2004-03-01,15.56
2004-03-02,15.67
2004-03-03,15.7
2004-03-04,15.7
2004-03-05,15.81
2004-03-08,15.85
2004-03-09,16.1
2004-03-10,16.0
2004-03-11,16.3
2004-03-12,16.2
2004-03-15,16.2
2004-03-16,16.7
2004-03-17,16.9
2004-03-18,17.4
2004-03-19,17.65
2004-03-22,17.53
2004-03-23,17.16
2004-03-24,17.33
2004-03-25,17.15
2004-03-26,17.6
2004-03-29,17.08
2004-03-30,17.07
2004-03-31,18.0
2004-04-01,17.66
2004-04-02,17.41
2004-04-05,17.45
2004-04-06,17.38
2004-04-07,17.69
2004-04-08,17.98
2004-04-12,17.36
2004-04-13,17.64
2004-04-14,17.85
2004-04-15,17.95
2004-04-16,18.5
2004-04-19,19.4
2004-04-20,19.14
2004-04-21,20.0
2004-04-22,20.0
2004-04-23,20.25
2004-04-26,19.9
2004-04-27,20.05
2004-04-28,20.05
2004-04-29,20.0
2004-04-30,18.89
2004-05-03,17.95
2004-05-04,18.0
2004-05-05,18.01
2004-05-06,18.1
2004-05-07,17.85
2004-05-10,17.12
2004-05-11,17.221
2004-05-12,17.43
2004-05-13,17.42
2004-05-14,17.05
2004-05-17,17.32
2004-05-18,17.21
2004-05-19,17.55
2004-05-20,18.38
2004-05-21,17.6
2004-05-24,17.99
2004-05-25,17.95
2004-05-26,17.97
2004-05-27,18.1
2004-05-28,18.48
2004-06-01,18.4
2004-06-02,18.69
2004-06-03,18.5
2004-06-04,18.25
2004-06-07,18.65
2004-06-08,18.53
2004-06-09,18.65
2004-06-10,18.69
2004-06-14,18.67
2004-06-15,18.89
2004-06-16,19.4
2004-06-17,19.14
2004-06-18,19.1
2004-06-21,18.82
2004-06-22,18.98
2004-06-23,18.94
2004-06-24,18.65
2004-06-25,18.25
2004-06-28,17.7
2004-06-29,17.85
2004-06-30,17.71
2004-07-01,17.4
2004-07-02,17.69
2004-07-06,19.01
2004-07-07,18.6
2004-07-08,18.36
2004-07-09,18.0
2004-07-12,18.8
2004-07-13,18.68
2004-07-14,18.02
2004-07-15,17.2
2004-07-16,17.15
2004-07-19,18.0
2004-07-20,18.0
2004-07-21,17.99
2004-07-22,17.41
2004-07-23,17.22
2004-07-26,17.64
2004-07-27,18.01
2004-07-28,18.0
2004-07-29,17.38
2004-07-30,17.56
2004-08-02,17.27
2004-08-03,16.76
2004-08-04,17.49
2004-08-05,17.71
2004-08-06,16.82
2004-08-09,17.08
2004-08-10,17.6
2004-08-11,19.26
2004-08-12,19.11
2004-08-13,19.42
2004-08-16,19.75
2004-08-17,19.54
2004-08-18,19.8
2004-08-19,19.68
2004-08-20,19.8
2004-08-23,17.879
2004-08-24,17.96
2004-08-25,18.69
2004-08-26,17.95
2004-08-27,18.86
2004-08-30,18.87
2004-08-31,20.0
2004-09-01,19.1
2004-09-02,18.91
2004-09-03,18.7
2004-09-07,19.9
2004-09-08,19.99
2004-09-09,19.7
2004-09-10,19.3
2004-09-13,19.3
2004-09-14,18.7
2004-09-15,18.66
2004-09-16,19.19
2004-09-17,18.94
2004-09-20,18.5
2004-09-21,18.35
2004-09-22,18.9
2004-09-23,18.5
2004-09-24,19.5
2004-09-27,20.13
2004-09-28,20.39
2004-09-29,19.93
2004-09-30,20.35
2004-10-01,20.25
2004-10-04,20.28
2004-10-05,20.02
2004-10-06,19.87
2004-10-07,20.0
2004-10-08,19.42
2004-10-11,19.3
2004-10-12,18.92
2004-10-13,18.9
2004-10-14,18.73
2004-10-15,18.71
2004-10-18,18.75
2004-10-19,18.18
2004-10-20,17.85
2004-10-21,18.0
2004-10-22,18.0
2004-10-25,18.5
2004-10-26,18.25
2004-10-27,18.25
2004-10-28,18.0
2004-10-29,17.63
2004-11-01,17.59
2004-11-02,17.61
2004-11-03,17.5
2004-11-04,18.08
2004-11-05,18.36
2004-11-08,18.07
2004-11-09,18.2
2004-11-10,17.99
2004-11-11,18.26
2004-11-12,18.59
2004-11-15,18.5
2004-11-16,18.5
2004-11-17,18.74
2004-11-18,18.25
2004-11-19,18.21
2004-11-22,18.37
2004-11-23,18.25
2004-11-24,18.24
2004-11-26,18.2
2004-11-29,18.09
2004-11-30,17.84
2004-12-01,17.88
2004-12-02,18.25
2004-12-03,18.13
2004-12-06,18.25
2004-12-07,17.67
2004-12-08,17.74
2004-12-09,17.7
2004-12-10,17.31
2004-12-13,17.54
2004-12-14,17.6
2004-12-15,17.66
2004-12-16,16.75
2004-12-17,16.75
2004-12-20,16.35
2004-12-21,16.74
2004-12-22,16.72
2004-12-23,16.72
2004-12-27,16.72
2004-12-28,16.72
2004-12-29,16.72
2004-12-30,16.72
2004-12-31,16.72
2005-01-03,16.72
2005-01-04,16.72
2005-01-05,16.72
2005-01-06,16.72
2005-01-07,16.72
2005-01-10,16.72
2005-01-11,16.72
2005-01-12,16.72
2005-01-13,16.72
2005-01-14,16.72
2005-01-18,16.72
2005-01-19,14.24
2005-01-20,14.11
2005-01-21,14.17
2005-01-24,14.5
2005-01-25,15.0
2005-01-26,14.24
2005-01-27,14.1
2005-01-28,14.06
2005-01-31,14.25
2005-02-01,13.81
2005-02-02,14.0
2005-02-03,13.04
2005-02-04,13.25
2005-02-07,13.5
2005-02-08,13.94
2005-02-09,13.5
2005-02-10,13.75
2005-02-11,13.86
2005-02-14,14.05
2005-02-15,14.0
2005-02-16,14.125
2005-02-17,14.06
2005-02-18,14.05
2005-02-22,14.1
2005-02-23,14.05
2005-02-24,14.08
2005-02-25,14.05
2005-02-28,13.92
2005-03-01,14.1
2005-03-02,14.1
2005-03-03,14.05
2005-03-04,14.04
2005-03-07,14.15
2005-03-08,14.1
2005-03-09,14.02
2005-03-10,14.03
2005-03-11,13.95
2005-03-14,13.92
2005-03-15,13.96
2005-03-16,13.78
2005-03-17,14.05
2005-03-18,13.99
2005-03-21,14.05
2005-03-22,13.95
2005-03-23,14.0
2005-03-24,14.0
2005-03-28,14.0
2005-03-29,13.85
2005-03-30,14.0
2005-03-31,14.0
2005-04-01,13.8
2005-04-04,14.02
2005-04-05,13.99
2005-04-06,14.37
2005-04-07,14.25
2005-04-08,14.03
2005-04-11,13.78
2005-04-12,14.11
2005-04-13,13.75
2005-04-14,13.89
2005-04-15,13.82
2005-04-18,13.94
2005-04-19,13.62
2005-04-20,13.62
2005-04-21,13.83
2005-04-22,13.59
2005-04-25,13.97
2005-04-26,13.99
2005-04-27,14.24
2005-04-28,14.45
2005-04-29,15.48
2005-05-02,14.87
2005-05-03,14.79
2005-05-04,14.53
2005-05-05,14.48
2005-05-06,14.5
2005-05-09,14.7
2005-05-10,14.76
2005-05-11,14.9
2005-05-12,15.11
2005-05-13,15.0
2005-05-16,15.17
2005-05-17,15.19
2005-05-18,15.23
2005-05-19,15.23
2005-05-20,15.349
2005-05-23,15.17
2005-05-24,15.23
2005-05-25,14.84
2005-05-26,15.07
2005-05-27,15.38
2005-05-31,15.7
2005-06-01,15.75
2005-06-02,15.73
2005-06-03,15.44
2005-06-06,15.58
2005-06-07,15.75
2005-06-08,15.73
2005-06-09,15.69
2005-06-10,15.95
2005-06-13,16.45
2005-06-14,16.45
2005-06-15,16.67
2005-06-16,17.02
2005-06-17,17.0
2005-06-20,16.99
2005-06-21,17.18
2005-06-22,17.03
2005-06-23,16.39
2005-06-24,16.99
2005-06-27,16.83
2005-06-28,17.09
2005-06-29,17.14
2005-06-30,17.44
2005-07-01,17.24
2005-07-05,17.6
2005-07-06,17.42
2005-07-07,17.74
2005-07-08,17.6
2005-07-11,17.88
2005-07-12,17.84
2005-07-13,17.74
2005-07-14,17.57
2005-07-15,18.05
2005-07-18,17.65
2005-07-19,17.64
2005-07-20,17.63
2005-07-21,17.71
2005-07-22,17.75
2005-07-25,17.47
2005-07-26,17.96
2005-07-27,17.71
2005-07-28,18.05
2005-07-29,17.775
2005-08-01,17.87
2005-08-02,18.03
2005-08-03,18.02
2005-08-04,17.88
2005-08-05,17.39
2005-08-08,17.59
2005-08-09,17.56
2005-08-10,17.68
2005-08-11,17.75
2005-08-12,17.555
2005-08-15,17.51
2005-08-16,17.6
2005-08-17,17.6
2005-08-18,17.32
2005-08-19,17.31
2005-08-22,17.24
2005-08-23,17.02
2005-08-24,16.9
2005-08-25,16.83
2005-08-26,16.75
2005-08-29,16.19
2005-08-30,16.19
2005-08-31,16.67
2005-09-01,16.85
2005-09-02,16.73
2005-09-06,16.73
2005-09-07,16.62
2005-09-08,16.65
2005-09-09,16.7
2005-09-12,16.86
2005-09-13,16.5
2005-09-14,16.61
2005-09-15,16.7
2005-09-16,16.64
2005-09-19,16.58
2005-09-20,16.09
2005-09-21,15.75
2005-09-22,15.88
2005-09-23,15.95
2005-09-26,15.72
2005-09-27,15.7
2005-09-28,15.64
2005-09-29,16.0
2005-09-30,15.99
2005-10-03,16.0
2005-10-04,15.99
2005-10-05,15.85
2005-10-06,15.73
2005-10-07,15.73
2005-10-10,16.3
2005-10-11,15.95
2005-10-12,15.95
2005-10-13,15.69
2005-10-14,15.72
2005-10-17,15.54
2005-10-18,15.56
2005-10-19,16.0
2005-10-20,15.94
2005-10-21,15.89
2005-10-24,16.19
2005-10-25,16.39
2005-10-26,16.3
2005-10-27,16.0
2005-10-28,16.15
2005-10-31,17.37
2005-11-01,17.24
2005-11-02,17.96
2005-11-03,18.12
2005-11-04,18.06
2005-11-07,18.6
2005-11-08,18.56
2005-11-09,18.73
2005-11-10,18.55
2005-11-11,18.7
2005-11-14,18.47
2005-11-15,18.16
2005-11-16,18.41
2005-11-17,18.81
2005-11-18,18.99
2005-11-21,18.95
2005-11-22,18.74
2005-11-23,18.18
2005-11-25,17.99
2005-11-28,17.32
2005-11-29,17.9
2005-11-30,18.3
2005-12-01,18.28
2005-12-02,18.47
2005-12-05,17.92
2005-12-06,17.69
2005-12-07,17.29
2005-12-08,17.2
2005-12-09,17.27
2005-12-12,17.29
2005-12-13,17.24
2005-12-14,17.14
2005-12-15,17.1
2005-12-16,17.03
2005-12-19,17.05
2005-12-20,16.79
2005-12-21,16.6
2005-12-22,17.0
2005-12-23,17.14
2005-12-27,17.02
2005-12-28,16.94
2005-12-29,16.99
2005-12-30,17.0
2006-01-03,17.0
2006-01-04,17.1
2006-01-05,17.05
2006-01-06,16.99
2006-01-09,16.96
2006-01-10,17.37
2006-01-11,17.07
2006-01-12,17.35
2006-01-13,17.5
2006-01-17,17.43
2006-01-18,17.81
2006-01-19,18.17
2006-01-20,18.049
2006-01-23,18.5
2006-01-24,18.31
2006-01-25,18.4
2006-01-26,19.13
2006-01-27,19.39
2006-01-30,18.88
2006-01-31,19.85
2006-02-01,20.01
2006-02-02,19.81
2006-02-03,19.69
2006-02-06,19.75
2006-02-07,19.47
2006-02-08,19.17
2006-02-09,18.86
2006-02-10,19.22
2006-02-13,19.31
2006-02-14,19.32
2006-02-15,19.1501
2006-02-16,20.02
2006-02-17,20.59
2006-02-21,20.72
2006-02-22,20.79
2006-02-23,20.44
2006-02-24,21.05
2006-02-27,21.09
2006-02-28,20.98
2006-03-01,21.57
2006-03-02,21.18
2006-03-03,21.5
2006-03-06,21.41
2006-03-07,20.98
2006-03-08,21.52
2006-03-09,20.95
2006-03-10,21.42
2006-03-13,21.72
2006-03-14,22.1
2006-03-15,21.885
2006-03-16,21.82
2006-03-17,22.18
2006-03-20,22.43
2006-03-21,22.83
2006-03-22,22.82
2006-03-23,22.71
2006-03-24,23.2
2006-03-27,23.3
2006-03-28,23.98
2006-03-29,24.5
2006-03-30,24.14
2006-03-31,24.55
2006-04-03,24.05
2006-04-04,23.5801
2006-04-05,23.89
2006-04-06,23.99
2006-04-07,23.78
2006-04-10,23.95
2006-04-11,23.5
2006-04-12,23.75
2006-04-13,23.92
2006-04-17,23.75
2006-04-18,24.5
2006-04-19,24.77
2006-04-20,24.47
2006-04-21,24.13
2006-04-24,23.97
2006-04-25,24.01
2006-04-26,23.89
2006-04-27,23.63
2006-04-28,24.09
2006-05-01,23.46
2006-05-02,23.74
2006-05-03,23.71
2006-05-04,23.57
2006-05-05,23.86
2006-05-08,23.95
2006-05-09,23.93
2006-05-10,23.43
2006-05-11,22.47
2006-05-12,22.14
2006-05-15,22.0
2006-05-16,22.88
2006-05-17,22.73
2006-05-18,22.88
2006-05-19,23.4
2006-05-22,22.42
2006-05-23,22.61
2006-05-24,22.62
2006-05-25,23.29
2006-05-26,23.57
2006-05-30,22.61
2006-05-31,22.96
2006-06-01,23.35
2006-06-02,23.7
2006-06-05,22.74
2006-06-06,22.35
2006-06-07,22.36
2006-06-08,22.63
2006-06-09,22.48
2006-06-12,22.37
2006-06-13,21.9
2006-06-14,21.73
2006-06-15,22.04
2006-06-16,22.13
2006-06-19,22.57
2006-06-20,22.86
2006-06-21,23.75
2006-06-22,23.6
2006-06-23,23.71
2006-06-26,24.67
2006-06-27,24.27
2006-06-28,24.79
2006-06-29,24.9
2006-06-30,25.01
2006-07-03,24.71
2006-07-05,24.91
2006-07-06,25.19
2006-07-07,24.73
2006-07-10,24.71
2006-07-11,25.12
2006-07-12,25.04
2006-07-13,24.26
2006-07-14,24.015
2006-07-17,24.38
2006-07-18,24.79
2006-07-19,25.7
2006-07-20,25.23
2006-07-21,24.75
2006-07-24,25.09
2006-07-25,25.35
2006-07-26,25.12
2006-07-27,24.95
2006-07-28,25.53
2006-07-31,24.81
2006-08-01,24.17
2006-08-02,24.81
2006-08-03,24.89
2006-08-04,24.63
2006-08-07,24.23
2006-08-08,24.51
2006-08-09,24.11
2006-08-10,24.15
2006-08-11,23.75
2006-08-14,23.51
2006-08-15,23.75
2006-08-16,23.71
2006-08-17,23.7
2006-08-18,23.59
2006-08-21,23.9
2006-08-22,24.26
2006-08-23,23.99
2006-08-24,23.91
2006-08-25,23.89
2006-08-28,24.11
2006-08-29,23.84
2006-08-30,23.66
2006-08-31,23.31
2006-09-01,23.72
2006-09-05,24.66
2006-09-06,23.8
2006-09-07,23.26
2006-09-08,23.24
2006-09-11,23.07
2006-09-12,23.82
2006-09-13,24.16
2006-09-14,24.91
2006-09-15,25.06
2006-09-18,25.29
2006-09-19,25.11
2006-09-20,25.32
2006-09-21,25.64
2006-09-22,25.39
2006-09-25,25.89
2006-09-26,25.84
2006-09-27,25.99
2006-09-28,26.12
2006-09-29,25.49
2006-10-02,26.01
2006-10-03,26.05
2006-10-04,26.83
2006-10-05,26.96
2006-10-06,27.1
2006-10-09,27.4
2006-10-10,27.05
2006-10-11,26.5
2006-10-12,27.54
2006-10-13,27.85
2006-10-16,27.24
2006-10-17,27.19
2006-10-18,26.96
2006-10-19,27.02
2006-10-20,26.64
2006-10-23,26.69
2006-10-24,26.16
2006-10-25,26.11
2006-10-26,26.75
2006-10-27,26.16
2006-10-30,25.79
2006-10-31,24.05
2006-11-01,23.31
2006-11-02,24.28
2006-11-03,24.67
2006-11-06,25.04
2006-11-07,25.25
2006-11-08,25.49
2006-11-09,25.25
2006-11-10,25.1101
2006-11-13,25.15
2006-11-14,25.23
2006-11-15,25.0
2006-11-16,25.19
2006-11-17,25.24
2006-11-20,24.42
2006-11-21,25.0
2006-11-22,24.53
2006-11-24,24.81
2006-11-27,23.93
2006-11-28,24.95
2006-11-29,25.97
2006-11-30,26.81
2006-12-01,26.44
2006-12-04,26.99
2006-12-05,27.05
2006-12-06,26.97
2006-12-07,27.36
2006-12-08,28.1
2006-12-11,28.3
2006-12-12,28.12
2006-12-13,27.83
2006-12-14,27.05
2006-12-15,27.26
2006-12-18,27.52
2006-12-19,26.82
2006-12-20,27.92
2006-12-21,28.4
2006-12-22,28.38
2006-12-26,29.72
2006-12-27,30.34
2006-12-28,30.1
2006-12-29,29.6
2007-01-03,29.53
2007-01-04,29.93
2007-01-05,28.84
2007-01-08,28.52
2007-01-09,29.22
2007-01-10,28.0
2007-01-11,29.15
2007-01-12,29.07
2007-01-16,28.92
2007-01-17,27.43
2007-01-18,26.9
2007-01-19,27.67
2007-01-22,27.7
2007-01-23,27.74
2007-01-24,27.9
2007-01-25,26.53
2007-01-26,27.58
2007-01-29,27.96
2007-01-30,28.07
2007-01-31,26.27
2007-02-01,26.97
2007-02-02,26.97
2007-02-05,26.52
2007-02-06,26.16
2007-02-07,26.48
2007-02-08,25.93
2007-02-09,25.3
2007-02-12,25.94
2007-02-13,26.1
2007-02-14,26.21
2007-02-15,26.18
2007-02-16,26.1
2007-02-20,26.3
2007-02-21,26.79
2007-02-22,26.25
2007-02-23,26.04
2007-02-26,25.97
2007-02-27,24.5
2007-02-28,24.63
2007-03-01,25.4
2007-03-02,24.92
2007-03-05,24.18
2007-03-06,25.5
2007-03-07,24.96
2007-03-08,24.82
2007-03-09,25.11
2007-03-12,25.24
2007-03-13,23.41
2007-03-14,24.38
2007-03-15,24.9
2007-03-16,24.69
2007-03-19,24.77
2007-03-20,24.99
2007-03-21,25.41
2007-03-22,25.77
2007-03-23,25.58
2007-03-26,25.43
2007-03-27,24.45
2007-03-28,24.85
2007-03-29,25.3
2007-03-30,26.0
2007-04-02,26.42
2007-04-03,27.0
2007-04-04,26.52
2007-04-05,26.28
2007-04-09,25.61
2007-04-10,25.5199
2007-04-11,26.0
2007-04-12,26.17
2007-04-13,26.24
2007-04-16,26.78
2007-04-17,26.55
2007-04-18,26.5
2007-04-19,26.54
2007-04-20,26.81
2007-04-23,26.6
2007-04-24,26.0
2007-04-25,25.63
2007-04-26,25.19
2007-04-27,25.0
2007-04-30,24.13
2007-05-01,24.28
2007-05-02,24.47
2007-05-03,24.53
2007-05-04,24.53
2007-05-07,24.36
2007-05-08,24.48
2007-05-09,24.35
2007-05-10,24.05
2007-05-11,24.21
2007-05-14,24.14
2007-05-15,23.09
2007-05-16,22.85
2007-05-17,22.36
2007-05-18,22.92
2007-05-21,23.34
2007-05-22,23.36
2007-05-23,23.13
2007-05-24,22.51
2007-05-25,21.84
2007-05-29,21.9
2007-05-30,21.65
2007-05-31,21.46
2007-06-01,22.0
2007-06-04,22.41
2007-06-05,22.0
2007-06-06,21.67
2007-06-07,22.02
2007-06-08,23.19
2007-06-11,22.89
2007-06-12,22.98
2007-06-13,23.09
2007-06-14,23.26
2007-06-15,23.25
2007-06-18,23.6
2007-06-19,24.2
2007-06-20,23.91
2007-06-21,23.44
2007-06-22,23.16
2007-06-25,23.49
2007-06-26,23.66
2007-06-27,23.27
2007-06-28,23.26
2007-06-29,22.36
2007-07-02,23.09
2007-07-03,22.3
2007-07-05,22.05
2007-07-06,22.34
2007-07-09,22.09
2007-07-10,21.55
2007-07-11,21.52
2007-07-12,21.93
2007-07-13,21.4
2007-07-16,21.12
2007-07-17,21.08
2007-07-18,21.05
2007-07-19,22.13
2007-07-20,21.85
2007-07-23,22.6
2007-07-24,22.03
2007-07-25,22.21
2007-07-26,20.78
2007-07-27,20.07
2007-07-30,20.15
2007-07-31,18.5
2007-08-01,17.91
2007-08-02,18.8
2007-08-03,17.58
2007-08-06,18.23
2007-08-07,18.98
2007-08-08,19.07
2007-08-09,19.53
2007-08-10,19.0
2007-08-13,18.98
2007-08-14,19.23
2007-08-15,19.51
2007-08-16,20.05
2007-08-17,20.2
2007-08-20,19.99
2007-08-21,20.24
2007-08-22,20.7
2007-08-23,20.54
2007-08-24,20.38
2007-08-27,20.22
2007-08-28,19.37
2007-08-29,20.21
2007-08-30,20.4
2007-08-31,20.25
2007-09-04,20.5
2007-09-05,20.18
2007-09-06,20.78
2007-09-07,20.37
2007-09-10,20.39
2007-09-11,20.5
2007-09-12,20.18
2007-09-13,20.17
2007-09-14,20.04
2007-09-17,19.7
2007-09-18,21.52
2007-09-19,21.69
2007-09-20,21.85
2007-09-21,21.7
2007-09-24,20.75
2007-09-25,20.43
2007-09-26,20.0
2007-09-27,19.6
2007-09-28,18.46
2007-10-01,19.4
2007-10-02,19.96
2007-10-03,19.25
2007-10-04,18.94
2007-10-05,19.59
2007-10-08,19.16
2007-10-09,19.21
2007-10-10,19.12
2007-10-11,18.66
2007-10-12,18.42
2007-10-15,17.98
2007-10-16,18.28
2007-10-17,17.9
2007-10-18,17.4
2007-10-19,16.32
2007-10-22,17.47
2007-10-23,17.65
2007-10-24,17.78
2007-10-25,17.5
2007-10-26,18.39
2007-10-29,17.92
2007-10-30,18.37
2007-10-31,17.95
2007-11-01,16.15
2007-11-02,16.22
2007-11-05,15.6
2007-11-06,16.01
2007-11-07,15.5
2007-11-08,15.78
2007-11-09,16.38
2007-11-12,16.15
2007-11-13,17.3
2007-11-14,17.75
2007-11-15,17.96
2007-11-16,17.0
2007-11-19,16.28
2007-11-20,16.4
2007-11-21,16.49
2007-11-23,16.48
2007-11-26,15.09
2007-11-27,15.2
2007-11-28,15.51
2007-11-29,15.4
2007-11-30,16.16
2007-12-03,15.88
2007-12-04,15.02
2007-12-05,15.69
2007-12-06,15.85
2007-12-07,15.58
2007-12-10,15.63
2007-12-11,14.88
2007-12-12,14.42
2007-12-13,14.06
2007-12-14,12.98
2007-12-17,12.28
2007-12-18,12.95
2007-12-19,13.0
2007-12-20,12.99
2007-12-21,13.55
2007-12-24,13.94
2007-12-26,13.91
2007-12-27,13.4
2007-12-28,13.27
2007-12-31,13.46
2008-01-02,13.05
2008-01-03,12.93
2008-01-04,12.76
2008-01-07,12.37
2008-01-08,12.01
2008-01-09,11.44
2008-01-10,11.37
2008-01-11,11.11
2008-01-14,11.35
2008-01-15,11.39
2008-01-16,11.7
2008-01-17,11.67
2008-01-18,11.96
2008-01-22,11.85
2008-01-23,13.24
2008-01-24,13.65
2008-01-25,12.39
2008-01-28,12.49
2008-01-29,13.75
2008-01-30,13.46
2008-01-31,14.53
2008-02-01,14.32
2008-02-04,14.61
2008-02-05,13.57
2008-02-06,12.77
2008-02-07,12.79
2008-02-08,11.81
2008-02-11,10.94
2008-02-12,10.65
2008-02-13,11.35
2008-02-14,11.55
2008-02-15,11.29
2008-02-19,11.25
2008-02-20,11.44
2008-02-21,11.15
2008-02-22,11.29
2008-02-25,11.92
2008-02-26,12.32
2008-02-27,11.68
2008-02-28,10.93
2008-02-29,11.44
2008-03-03,11.14
2008-03-04,11.41
2008-03-05,11.23
2008-03-06,10.8
2008-03-07,11.35
2008-03-10,10.6
2008-03-11,11.01
2008-03-12,11.27
2008-03-13,11.84
2008-03-14,11.09
2008-03-17,12.16
2008-03-18,12.46
2008-03-19,11.93
2008-03-20,12.59
2008-03-24,12.24
2008-03-25,12.78
2008-03-26,12.65
2008-03-27,12.29
2008-03-28,12.18
2008-03-31,12.08
2008-04-01,12.95
2008-04-02,13.07
2008-04-03,12.97
2008-04-04,11.82
2008-04-07,12.06
2008-04-08,11.49
2008-04-09,10.79
2008-04-10,11.24
2008-04-11,10.77
2008-04-14,10.61
2008-04-15,11.19
2008-04-16,11.98
2008-04-17,11.23
2008-04-18,11.96
2008-04-21,11.33
2008-04-22,11.33
2008-04-23,11.36
2008-04-24,12.09
2008-04-25,12.4
2008-04-28,12.02
2008-04-29,11.38
2008-04-30,11.06
2008-05-01,11.81
2008-05-02,11.83
2008-05-05,11.64
2008-05-06,11.99
2008-05-07,11.15
2008-05-08,11.68
2008-05-09,12.0399
2008-05-12,12.59
2008-05-13,12.62
2008-05-14,11.62
2008-05-15,11.635
2008-05-16,11.29
2008-05-19,11.29
2008-05-20,11.19
2008-05-21,11.04
2008-05-22,11.37
2008-05-23,11.21
2008-05-27,11.21
2008-05-28,10.83
2008-05-29,11.04
2008-05-30,10.65
2008-06-02,10.26
2008-06-03,10.13
2008-06-04,10.28
2008-06-05,10.72
2008-06-06,9.91
2008-06-09,9.88
2008-06-10,10.15
2008-06-11,9.48
2008-06-12,9.23
2008-06-13,9.28
2008-06-16,8.81
2008-06-17,8.7
2008-06-18,8.13
2008-06-19,8.43
2008-06-20,8.92
2008-06-23,8.44
2008-06-24,8.55
2008-06-25,8.79
2008-06-26,8.5
2008-06-27,8.02
2008-06-30,7.62
2008-07-01,8.1
2008-07-02,7.7
2008-07-03,7.53
2008-07-07,7.5
2008-07-08,7.69
2008-07-09,7.55
2008-07-10,7.46
2008-07-11,7.32
2008-07-14,6.56
2008-07-15,6.14
2008-07-16,6.56
2008-07-17,6.8
2008-07-18,6.5
2008-07-21,6.5
2008-07-22,6.61
2008-07-23,8.0
2008-07-24,6.58
2008-07-25,6.34
2008-07-28,5.24
2008-07-29,5.36
2008-07-30,5.75
2008-07-31,5.81
2008-08-01,5.8
2008-08-04,5.67
2008-08-05,5.7
2008-08-06,5.55
2008-08-07,5.53
2008-08-08,5.45
2008-08-11,5.67
2008-08-12,5.63
2008-08-13,5.6
2008-08-14,5.61
2008-08-15,5.4
2008-08-18,5.52
2008-08-19,5.26
2008-08-20,5.16
2008-08-21,5.0
2008-08-22,4.975
2008-08-25,4.78
2008-08-26,4.87
2008-08-27,4.72
2008-08-28,4.76
2008-08-29,4.6
2008-09-02,4.89
2008-09-03,5.81
2008-09-04,6.14
2008-09-05,5.9
2008-09-08,6.32
2008-09-09,6.05
2008-09-10,5.78
2008-09-11,5.76
2008-09-12,5.81
2008-09-15,5.38
2008-09-16,5.5
2008-09-17,5.07
2008-09-18,5.47
2008-09-19,6.37
2008-09-22,5.23
2008-09-23,5.18
2008-09-24,5.0
2008-09-25,5.27
2008-09-26,5.18
2008-09-29,5.26
2008-09-30,5.0
2008-10-01,5.5
2008-10-02,4.93
2008-10-03,4.75
2008-10-06,4.51
2008-10-07,4.26
2008-10-08,4.12
2008-10-09,4.08
2008-10-10,3.5
2008-10-13,3.91
2008-10-14,4.5
2008-10-15,4.02
2008-10-16,3.76
2008-10-17,4.01
2008-10-20,4.26
2008-10-21,4.03
2008-10-22,3.74
2008-10-23,3.38
2008-10-24,3.08
2008-10-27,3.45
2008-10-28,4.29
2008-10-29,3.95
2008-10-30,3.91
2008-10-31,3.74
2008-11-03,4.08
2008-11-04,3.96
2008-11-05,3.6299
2008-11-06,3.61
2008-11-07,3.49
2008-11-10,3.37
2008-11-11,3.33
2008-11-12,3.17
2008-11-13,3.41
2008-11-14,3.17
2008-11-17,3.11
2008-11-18,2.91
2008-11-19,2.83
2008-11-20,2.73
2008-11-21,2.7
2008-11-24,2.43
2008-11-25,2.22
2008-11-26,3.0
2008-11-28,3.12
2008-12-01,3.01
2008-12-02,2.98
2008-12-03,2.8
2008-12-04,3.8301
2008-12-05,3.68
2008-12-08,3.59
2008-12-09,3.7
2008-12-10,3.86
2008-12-11,3.6
2008-12-12,4.06
2008-12-15,3.32
2008-12-16,3.47
2008-12-17,3.1
2008-12-18,3.15
2008-12-19,3.18
2008-12-22,3.04
2008-12-23,2.61
2008-12-24,2.79
2008-12-26,2.665
2008-12-29,2.5
2008-12-30,2.85
2008-12-31,3.75
2009-01-02,3.81
2009-01-05,3.79
2009-01-06,3.99
2009-01-07,3.85
2009-01-08,3.65
2009-01-09,3.5
2009-01-12,3.36
2009-01-13,3.48
2009-01-14,3.3399
2009-01-15,3.42
2009-01-16,3.36
2009-01-20,3.25
2009-01-21,3.41
2009-01-22,3.21
2009-01-23,3.18
2009-01-26,3.15
2009-01-27,3.18
2009-01-28,3.25
2009-01-29,3.105
2009-01-30,3.09
2009-02-02,3.13
2009-02-03,3.109
2009-02-04,3.15
2009-02-05,3.24
2009-02-06,3.32
2009-02-09,3.45
2009-02-10,3.35
2009-02-11,3.38
2009-02-12,3.19
2009-02-13,3.15
2009-02-17,3.1
2009-02-18,3.27
2009-02-19,3.21
2009-02-20,3.05
2009-02-23,2.954
2009-02-24,3.01
2009-02-25,2.8
2009-02-26,3.0
2009-02-27,2.87
2009-03-02,2.82
2009-03-03,3.04
2009-03-04,3.0
2009-03-05,2.78
2009-03-06,2.683
2009-03-09,2.58
2009-03-10,3.0
2009-03-11,2.9987
2009-03-12,2.98
2009-03-13,3.0
2009-03-16,2.99
2009-03-17,3.0
2009-03-18,3.0
2009-03-19,3.1
2009-03-20,3.15
2009-03-23,3.53
2009-03-24,3.43
2009-03-25,4.3
2009-03-26,4.3
2009-03-27,4.25
2009-03-30,4.08
2009-03-31,4.24
2009-04-01,4.1
2009-04-02,4.3
2009-04-03,4.15
2009-04-06,4.18
2009-04-07,4.0
2009-04-08,3.94
2009-04-09,4.8
2009-04-13,4.86
2009-04-14,4.89
2009-04-15,5.15
2009-04-16,5.04
2009-04-17,5.21
2009-04-20,4.8307
2009-04-21,4.96
2009-04-22,4.98
2009-04-23,4.87
2009-04-24,4.91
2009-04-27,4.8599
2009-04-28,5.35
2009-04-29,5.41
2009-04-30,5.31
2009-05-01,5.0
2009-05-04,5.1
2009-05-05,5.16
2009-05-06,5.3
2009-05-07,5.2
2009-05-08,5.56
2009-05-11,5.57
2009-05-12,5.98
2009-05-13,5.58
2009-05-14,5.62
2009-05-15,6.02
2009-05-18,6.2
2009-05-19,6.66
2009-05-20,6.64
2009-05-21,6.58
2009-05-22,6.33
2009-05-26,6.775
2009-05-27,6.47
2009-05-28,6.65
2009-05-29,6.17
2009-06-01,6.2801
2009-06-02,6.39
2009-06-03,6.35
2009-06-04,6.58
2009-06-05,6.65
2009-06-08,6.59
2009-06-09,6.68
2009-06-10,7.22
2009-06-11,7.74
2009-06-12,7.9
2009-06-15,6.96
2009-06-16,6.67
2009-06-17,6.59
2009-06-18,7.0
2009-06-19,6.55
2009-06-22,5.99
2009-06-23,6.39
2009-06-24,5.99
2009-06-25,6.48
2009-06-26,6.62
2009-06-29,6.18
2009-06-30,6.0
2009-07-01,5.96
2009-07-02,5.71
2009-07-06,5.89
2009-07-07,5.99
2009-07-08,5.9
2009-07-09,5.53
2009-07-10,5.47
2009-07-13,5.83
2009-07-14,5.62
2009-07-15,6.05
2009-07-16,5.71
2009-07-17,5.72
2009-07-20,5.97
2009-07-21,5.91
2009-07-22,5.94
2009-07-23,6.15
2009-07-24,6.21
2009-07-27,6.72
2009-07-28,6.85
2009-07-29,6.59
2009-07-30,6.73
2009-07-31,7.19
2009-08-03,7.55
2009-08-04,7.73
2009-08-05,7.63
2009-08-06,7.66
2009-08-07,7.93
2009-08-10,7.43
2009-08-11,6.34
2009-08-12,6.61
2009-08-13,6.05
2009-08-14,5.76
2009-08-17,5.9
2009-08-18,5.81
2009-08-19,5.84
2009-08-20,5.96
2009-08-21,6.1
2009-08-24,6.16
2009-08-25,6.41
2009-08-26,6.42
2009-08-27,6.45
2009-08-28,6.73
2009-08-31,6.61
2009-09-01,6.27
2009-09-02,6.26
2009-09-03,6.35
2009-09-04,6.31
2009-09-08,6.49
2009-09-09,6.41
2009-09-10,6.41
2009-09-11,5.94
2009-09-14,5.93
2009-09-15,5.96
2009-09-16,6.12
2009-09-17,6.16
2009-09-18,6.25
2009-09-21,6.15
2009-09-22,6.0
2009-09-23,5.93
2009-09-24,5.82
2009-09-25,5.85
2009-09-28,5.85
2009-09-29,5.89
2009-09-30,5.72
2009-10-01,5.65
2009-10-02,5.84
2009-10-05,5.75
2009-10-06,5.78
2009-10-07,5.8
2009-10-08,5.76
2009-10-09,5.7
2009-10-12,5.71
2009-10-13,5.46
2009-10-14,5.55
2009-10-15,5.33
2009-10-16,5.27
2009-10-19,5.28
2009-10-20,5.35
2009-10-21,5.19
2009-10-22,5.34
2009-10-23,5.15
2009-10-26,5.25
2009-10-27,5.31
2009-10-28,5.11
2009-10-29,5.22
2009-10-30,5.1
2009-11-02,5.18
2009-11-03,5.13
2009-11-04,5.03
2009-11-05,5.16
2009-11-06,5.16
2009-11-09,5.23
2009-11-10,5.11
2009-11-11,5.18
2009-11-12,5.12
2009-11-13,5.27
2009-11-16,5.45
2009-11-17,5.52
2009-11-18,5.85
2009-11-19,5.72
2009-11-20,5.79
2009-11-23,5.88
2009-11-24,6.0
2009-11-25,5.83
2009-11-27,5.64
2009-11-30,5.81
2009-12-01,5.99
2009-12-02,6.1
2009-12-03,6.13
2009-12-04,6.6
2009-12-07,6.69
2009-12-08,6.55
2009-12-09,6.43
2009-12-10,6.72
2009-12-11,6.94
2009-12-14,7.16
2009-12-15,6.89
2009-12-16,6.51
2009-12-17,6.6
2009-12-18,7.0
2009-12-21,6.92
2009-12-22,6.83
2009-12-23,6.87
2009-12-24,6.86
2009-12-28,6.92
2009-12-29,6.88
2009-12-30,6.67
2009-12-31,6.86
2010-01-04,7.43
2010-01-05,7.14
2010-01-06,7.15
2010-01-07,7.28
2010-01-08,7.2
2010-01-11,7.17
2010-01-12,7.16
2010-01-13,7.22
2010-01-14,7.24
2010-01-15,7.21
2010-01-19,7.45
2010-01-20,7.44
2010-01-21,7.35
2010-01-22,7.08
2010-01-25,7.14
2010-01-26,7.04
2010-01-27,7.25
2010-01-28,7.32
2010-01-29,7.31
2010-02-01,6.97
2010-02-02,6.62
2010-02-03,6.88
2010-02-04,6.73
2010-02-05,6.81
2010-02-08,6.31
2010-02-09,6.17
2010-02-10,6.2
2010-02-11,6.64
2010-02-12,6.44
2010-02-16,7.03
2010-02-17,7.3
2010-02-18,7.29
2010-02-19,7.48
2010-02-22,7.67
2010-02-23,7.41
2010-02-24,7.58
2010-02-25,7.16
2010-02-26,7.03
2010-03-01,7.35
2010-03-02,7.55
2010-03-03,7.53
2010-03-04,7.39
2010-03-05,7.62
2010-03-08,7.81
2010-03-09,7.97
2010-03-10,7.96
2010-03-11,8.02
2010-03-12,8.14
2010-03-15,8.28
2010-03-16,8.4
2010-03-17,8.49
2010-03-18,8.64
2010-03-19,8.75
2010-03-22,8.8
2010-03-23,8.8
2010-03-24,8.7
2010-03-25,8.79
2010-03-26,8.93
2010-03-29,8.95
2010-03-30,8.88
2010-03-31,8.9
2010-04-01,8.78
2010-04-05,8.98
2010-04-06,9.08
2010-04-07,9.05
2010-04-08,9.11
2010-04-09,9.12
2010-04-12,9.03
2010-04-13,9.09
2010-04-14,9.2
2010-04-15,9.2
2010-04-16,8.88
2010-04-19,8.88
2010-04-20,9.05
2010-04-21,9.27
2010-04-22,9.21
2010-04-23,9.15
2010-04-26,9.41
2010-04-27,9.38
2010-04-28,9.31
2010-04-29,9.45
2010-04-30,8.87
2010-05-03,9.0
2010-05-04,8.77
2010-05-05,8.64
2010-05-06,8.34
2010-05-07,7.81
2010-05-10,8.57
2010-05-11,8.83
2010-05-12,9.0
2010-05-13,8.99
2010-05-14,8.79
2010-05-17,8.86
2010-05-18,8.5
2010-05-19,8.35
2010-05-20,7.97
2010-05-21,7.93
2010-05-24,7.66
2010-05-25,7.58
2010-05-26,7.75
2010-05-27,8.25
2010-05-28,7.97
2010-06-01,7.65
2010-06-02,7.89
2010-06-03,8.06
2010-06-04,7.58
2010-06-07,7.36
2010-06-08,7.43
2010-06-09,7.53
2010-06-10,7.85
2010-06-11,7.52
2010-06-14,7.56
2010-06-15,7.99
2010-06-16,8.04
2010-06-17,8.17
2010-06-18,8.2
2010-06-21,7.85
2010-06-22,7.81
2010-06-23,7.73
2010-06-24,7.68
2010-06-25,8.57
2010-06-28,8.24
2010-06-29,7.86
2010-06-30,7.83
2010-07-01,7.52
2010-07-02,7.61
2010-07-06,7.5
2010-07-07,7.77
2010-07-08,7.81
2010-07-09,7.78
2010-07-12,7.71
2010-07-13,8.09
2010-07-14,7.91
2010-07-15,7.71
2010-07-16,7.35
2010-07-19,7.36
2010-07-20,7.56
2010-07-21,7.14
2010-07-22,7.3
2010-07-23,7.5
2010-07-26,7.87
2010-07-27,7.75
2010-07-28,7.71
2010-07-29,7.75
2010-07-30,7.55
2010-08-02,7.62
2010-08-03,7.62
2010-08-04,7.71
2010-08-05,7.66
2010-08-06,7.64
2010-08-09,7.86
2010-08-10,7.57
2010-08-11,7.09
2010-08-12,7.05
2010-08-13,6.81
2010-08-16,6.82
2010-08-17,7.0
2010-08-18,6.92
2010-08-19,6.7
2010-08-20,6.68
2010-08-23,6.3
2010-08-24,6.36
2010-08-25,6.45
2010-08-26,6.26
2010-08-27,6.61
2010-08-30,6.26
2010-08-31,6.42
2010-09-01,6.57
2010-09-02,6.64
2010-09-03,6.59
2010-09-07,6.36
2010-09-08,6.63
2010-09-09,6.55
2010-09-10,6.49
2010-09-13,6.71
2010-09-14,6.69
2010-09-15,6.68
2010-09-16,6.44
2010-09-17,6.54
2010-09-20,6.78
2010-09-21,6.61
2010-09-22,6.58
2010-09-23,6.62
2010-09-24,6.94
2010-09-27,6.92
2010-09-28,7.05
2010-09-29,6.86
2010-09-30,6.69
2010-10-01,6.6
2010-10-04,6.5
2010-10-05,6.86
2010-10-06,6.88
2010-10-07,6.84
2010-10-08,7.16
2010-10-11,7.25
2010-10-12,7.3
2010-10-13,7.71
2010-10-14,7.94
2010-10-15,7.85
2010-10-18,8.14
2010-10-19,7.79
2010-10-20,7.94
2010-10-21,7.79
2010-10-22,7.77
2010-10-25,7.77
2010-10-26,7.77
2010-10-27,7.79
2010-10-28,7.55
2010-10-29,7.49
2010-11-01,7.36
2010-11-02,7.8
2010-11-03,7.99
2010-11-04,8.42
2010-11-05,8.56
2010-11-08,8.36
2010-11-09,8.42
2010-11-10,8.62
2010-11-11,8.65
2010-11-12,8.67
2010-11-15,8.51
2010-11-16,8.22
2010-11-17,7.96
2010-11-18,8.12
2010-11-19,8.49
2010-11-22,8.57
2010-11-23,8.45
2010-11-24,8.69
2010-11-26,9.02
2010-11-29,8.97
2010-11-30,8.6
2010-12-01,8.76
2010-12-02,8.73
2010-12-03,8.73
2010-12-06,8.81
2010-12-07,8.85
2010-12-08,9.15
2010-12-09,9.37
2010-12-10,9.81
2010-12-13,9.85
2010-12-14,9.92
2010-12-15,9.7
2010-12-16,9.71
2010-12-17,9.52
2010-12-20,9.64
2010-12-21,9.68
2010-12-22,9.88
2010-12-23,9.835
2010-12-27,9.84
2010-12-28,9.88
2010-12-29,10.08
2010-12-30,10.14
2010-12-31,10.17
2011-01-03,10.16
2011-01-04,10.01
2011-01-05,10.17
2011-01-06,10.01
2011-01-07,9.95
2011-01-10,9.82
2011-01-11,9.78
2011-01-12,9.79
2011-01-13,9.46
2011-01-14,9.75
2011-01-18,9.47
2011-01-19,9.04
2011-01-20,8.93
2011-01-21,9.03
2011-01-24,8.98
2011-01-25,9.28
2011-01-26,9.61
2011-01-27,9.6
2011-01-28,9.29
2011-01-31,9.4
2011-02-01,9.94
2011-02-02,9.54
2011-02-03,9.41
2011-02-04,9.43
2011-02-07,9.61
2011-02-08,9.55
2011-02-09,9.52
2011-02-10,9.59
2011-02-11,9.95
2011-02-14,9.81
2011-02-15,9.99
2011-02-16,9.88
2011-02-17,9.6
2011-02-18,9.5
2011-02-22,9.04
2011-02-23,8.9
2011-02-24,8.62
2011-02-25,8.49
2011-02-28,8.48
2011-03-01,8.41
2011-03-02,8.53
2011-03-03,9.02
2011-03-04,8.94
2011-03-07,8.79
2011-03-08,9.05
2011-03-09,9.15
2011-03-10,8.9
2011-03-11,8.82
2011-03-14,8.87
2011-03-15,9.04
2011-03-16,8.81
2011-03-17,8.92
2011-03-18,9.43
2011-03-21,9.55
2011-03-22,9.48
2011-03-23,9.49
2011-03-24,9.45
2011-03-25,9.47
2011-03-28,9.42
2011-03-29,9.36
2011-03-30,9.36
2011-03-31,9.23
2011-04-01,9.23
2011-04-04,9.39
2011-04-05,9.31
2011-04-06,9.71
2011-04-07,9.51
2011-04-08,9.39
2011-04-11,9.35
2011-04-12,9.26
2011-04-13,9.15
2011-04-14,9.28
2011-04-15,9.35
2011-04-18,9.19
2011-04-19,9.31
2011-04-20,9.515
2011-04-21,9.58
2011-04-25,9.5
2011-04-26,9.89
2011-04-27,9.68
2011-04-28,9.7
2011-04-29,9.79
2011-05-02,9.64
2011-05-03,9.81
2011-05-04,9.63
2011-05-05,9.71
2011-05-06,9.62
2011-05-09,9.84
2011-05-10,10.31
2011-05-11,9.94
2011-05-12,10.08
2011-05-13,9.795
2011-05-16,9.73
2011-05-17,9.67
2011-05-18,9.62
2011-05-19,9.665
2011-05-20,9.51
2011-05-23,9.21
2011-05-24,9.24
2011-05-25,9.46
2011-05-26,9.81
2011-05-27,10.09
2011-05-31,10.13
2011-06-01,9.58
2011-06-02,9.6
2011-06-03,9.26
2011-06-06,9.21
2011-06-07,9.27
2011-06-08,9.33
2011-06-09,9.28
2011-06-10,9.12
2011-06-13,9.11
2011-06-14,9.19
2011-06-15,9.09
2011-06-16,9.49
2011-06-17,9.44
2011-06-20,9.54
2011-06-21,9.81
2011-06-22,9.69
2011-06-23,9.78
2011-06-24,9.98
2011-06-27,10.04
2011-06-28,10.01
2011-06-29,10.2
2011-06-30,10.45
2011-07-01,10.63
2011-07-05,10.44
2011-07-06,10.38
2011-07-07,10.48
2011-07-08,10.3
2011-07-11,10.1
2011-07-12,10.03
2011-07-13,9.95
2011-07-14,9.93
2011-07-15,10.0
2011-07-18,9.7
2011-07-19,9.98
2011-07-20,9.83
2011-07-21,9.74
2011-07-22,9.17
2011-07-25,9.04
2011-07-26,8.91
2011-07-27,8.82
2011-07-28,9.1
2011-07-29,9.0
2011-08-01,9.02
2011-08-02,8.91
2011-08-03,9.05
2011-08-04,8.89
2011-08-05,8.8
2011-08-08,7.9
2011-08-09,7.83
2011-08-10,7.355
2011-08-11,7.76
2011-08-12,7.62
2011-08-15,7.79
2011-08-16,7.45
2011-08-17,7.46
2011-08-18,7.39
2011-08-19,7.25
2011-08-22,7.11
2011-08-23,7.6
2011-08-24,7.78
2011-08-25,7.3
2011-08-26,7.28
2011-08-29,7.71
2011-08-30,7.7
2011-08-31,7.8
2011-09-01,7.44
2011-09-02,7.04
2011-09-06,7.05
2011-09-07,7.37
2011-09-08,7.02
2011-09-09,7.09
2011-09-12,7.12
2011-09-13,7.17
2011-09-14,7.27
2011-09-15,7.36
2011-09-16,7.39
2011-09-19,7.17
2011-09-20,7.0
2011-09-21,6.91
2011-09-22,6.67
2011-09-23,6.51
2011-09-26,6.58
2011-09-27,6.98
2011-09-28,6.64
2011-09-29,7.23
2011-09-30,7.16
2011-10-03,6.55
2011-10-04,7.26
2011-10-05,7.3
2011-10-06,7.52
2011-10-07,7.33
2011-10-10,7.53
2011-10-11,7.41
2011-10-12,7.51
2011-10-13,7.57
2011-10-14,7.9
2011-10-17,7.41
2011-10-18,7.7
2011-10-19,7.48
2011-10-20,7.68
2011-10-21,7.46
2011-10-24,7.52
2011-10-25,7.41
2011-10-26,7.45
2011-10-27,7.91
2011-10-28,8.12
2011-10-31,8.04
2011-11-01,7.75
2011-11-02,8.23
2011-11-03,8.36
2011-11-04,8.35
2011-11-07,8.49
2011-11-08,8.83
2011-11-09,8.49
2011-11-10,8.51
2011-11-11,8.72
2011-11-14,8.58
2011-11-15,8.86
2011-11-16,8.65
2011-11-17,8.48
2011-11-18,8.71
2011-11-21,8.33
2011-11-22,8.27
2011-11-23,7.83
2011-11-25,7.5
2011-11-28,7.74
2011-11-29,7.51
2011-11-30,8.0
2011-12-01,7.84
2011-12-02,7.96
2011-12-05,8.01
2011-12-06,8.0
2011-12-07,7.97
2011-12-08,7.65
2011-12-09,7.87
2011-12-12,7.6
2011-12-13,7.54
2011-12-14,7.66
2011-12-15,7.56
2011-12-16,7.48
2011-12-19,7.28
2011-12-20,7.51
2011-12-21,7.51
2011-12-22,7.77
2011-12-23,7.63
2011-12-27,7.5
2011-12-28,7.32
2011-12-29,7.3
2011-12-30,7.23
2012-01-03,7.33
2012-01-04,7.3
2012-01-05,7.43
2012-01-06,7.65
2012-01-09,7.78
2012-01-10,7.96
2012-01-11,8.27
2012-01-12,8.32
2012-01-13,8.36
2012-01-17,8.37
2012-01-18,8.63
2012-01-19,8.3
2012-01-20,8.39
2012-01-23,8.56
2012-01-24,8.5
2012-01-25,8.4
2012-01-26,8.01
2012-01-27,8.04
2012-01-30,8.14
2012-01-31,8.02
2012-02-01,8.28
2012-02-02,8.47
2012-02-03,8.9
2012-02-06,8.69
2012-02-07,8.44
2012-02-08,8.39
2012-02-09,8.3
2012-02-10,8.1
2012-02-13,8.25
2012-02-14,8.33
2012-02-15,8.17
2012-02-16,8.3
2012-02-17,8.43
2012-02-21,8.72
2012-02-22,8.68
2012-02-23,8.86
2012-02-24,8.6
2012-02-27,8.46
2012-02-28,8.35
2012-02-29,8.32
2012-03-01,8.31
2012-03-02,8.03
2012-03-05,8.15
2012-03-06,8.01
2012-03-07,8.05
2012-03-08,8.37
2012-03-09,8.64
2012-03-12,8.77
2012-03-13,8.72
2012-03-14,8.56
2012-03-15,9.0
2012-03-16,9.33
2012-03-19,9.54
2012-03-20,9.42
2012-03-21,9.44
2012-03-22,9.4
2012-03-23,9.68
2012-03-26,9.75
2012-03-27,9.79
2012-03-28,10.22
2012-03-29,10.14
2012-03-30,10.04
2012-04-02,10.48
2012-04-03,10.41
2012-04-04,10.3
2012-04-05,10.25
2012-04-09,10.03
2012-04-10,9.99
2012-04-11,10.03
2012-04-12,10.18
2012-04-13,10.2
2012-04-16,10.26
2012-04-17,10.28
2012-04-18,10.13
2012-04-19,10.03
2012-04-20,10.12
2012-04-23,10.22
2012-04-24,10.26
2012-04-25,10.12
2012-04-26,9.975
2012-04-27,10.06
2012-04-30,10.27
2012-05-01,10.14
2012-05-02,10.27
2012-05-03,10.2
2012-05-04,10.1
2012-05-07,10.1
2012-05-08,10.13
2012-05-09,9.95
2012-05-10,10.15
2012-05-11,10.17
2012-05-14,10.08
2012-05-15,9.91
2012-05-16,9.51
2012-05-17,9.31
2012-05-18,9.32
2012-05-21,9.43
2012-05-22,9.16
2012-05-23,9.15
2012-05-24,9.12
2012-05-25,9.24
2012-05-29,9.12
2012-05-30,9.18
2012-05-31,9.09
2012-06-01,8.66
2012-06-04,8.55
2012-06-05,8.51
2012-06-06,8.45
2012-06-07,8.48
2012-06-08,8.48
2012-06-11,8.31
2012-06-12,8.41
2012-06-13,8.36
2012-06-14,8.5
2012-06-15,8.52
2012-06-18,8.51
2012-06-19,8.5
2012-06-20,8.49
2012-06-21,8.39
2012-06-22,8.56
2012-06-25,8.6
2012-06-26,8.78
2012-06-27,9.08
2012-06-28,9.02
2012-06-29,9.43
2012-07-02,9.61
2012-07-03,9.58
2012-07-05,9.51
2012-07-06,9.46
2012-07-09,9.14
2012-07-10,9.12
2012-07-11,9.08
2012-07-12,9.09
2012-07-13,9.34
2012-07-16,9.3
2012-07-17,9.54
2012-07-18,9.52
2012-07-19,9.43
2012-07-20,9.55
2012-07-23,9.36
2012-07-24,9.11
2012-07-25,9.01
2012-07-26,9.24
2012-07-27,9.53
2012-07-30,9.32
2012-07-31,9.35
2012-08-01,9.15
2012-08-02,9.22
2012-08-03,9.9
2012-08-06,9.48
2012-08-07,9.49
2012-08-08,9.28
2012-08-09,9.17
2012-08-10,9.1
2012-08-13,9.06
2012-08-14,9.04
2012-08-15,9.07
2012-08-16,9.21
2012-08-17,9.63
2012-08-20,9.74
2012-08-21,9.51
2012-08-22,9.23
2012-08-23,9.19
2012-08-24,9.48
2012-08-27,9.51
2012-08-28,9.68
2012-08-29,9.63
2012-08-30,9.75
2012-08-31,9.67
2012-09-04,9.44
2012-09-05,9.37
2012-09-06,9.67
2012-09-07,9.5
2012-09-10,9.39
2012-09-11,9.62
2012-09-12,9.65
2012-09-13,9.94
2012-09-14,10.0
2012-09-17,9.99
2012-09-18,9.99
2012-09-19,9.98
2012-09-20,9.97
2012-09-21,10.33
2012-09-24,10.49
2012-09-25,10.28
2012-09-26,10.33
2012-09-27,10.35
2012-09-28,10.27
2012-10-01,10.44
2012-10-02,10.69
2012-10-03,11.11
2012-10-04,11.18
2012-10-05,11.19
2012-10-08,11.13
2012-10-09,10.88
2012-10-10,11.11
2012-10-11,11.14
2012-10-12,11.02
2012-10-15,11.05
2012-10-16,10.76
2012-10-17,10.91
2012-10-18,10.99
2012-10-19,11.12
2012-10-22,11.07
2012-10-23,11.13
2012-10-24,10.94
2012-10-25,10.96
2012-10-26,10.96
2012-10-31,11.37
2012-11-01,11.81
2012-11-02,12.25
2012-11-05,12.22
2012-11-06,11.81
2012-11-07,11.35
2012-11-08,11.2
2012-11-09,11.16
2012-11-12,11.22
2012-11-13,11.1
2012-11-14,10.8
2012-11-15,10.75
2012-11-16,10.67
2012-11-19,11.0384
2012-11-20,11.23
2012-11-21,11.34
2012-11-23,11.52
2012-11-26,11.4102
2012-11-27,11.39
2012-11-28,11.43
2012-11-29,11.49
2012-11-30,11.66
2012-12-03,11.84
2012-12-04,11.96
2012-12-05,12.0
2012-12-06,11.94
2012-12-07,12.19
2012-12-10,12.06
2012-12-11,12.18
2012-12-12,12.04
2012-12-13,11.9
2012-12-14,11.84
2012-12-17,12.09
2012-12-18,11.0
2012-12-19,11.01
2012-12-20,11.0
2012-12-21,10.99
2012-12-24,10.97
2012-12-26,10.9
2012-12-27,10.94
2012-12-28,10.92
2012-12-31,10.9703
2013-01-02,11.0
2013-01-03,10.95
2013-01-04,10.86
2013-01-07,10.85
2013-01-08,10.96
2013-01-09,10.72
2013-01-10,10.94
2013-01-11,10.98
2013-01-14,10.99
2013-01-15,11.0
2013-01-16,10.89
2013-01-17,10.89
2013-01-18,10.81
2013-01-22,10.45
2013-01-23,10.89
2013-01-24,11.15
2013-01-25,11.45
2013-01-28,11.44
2013-01-29,11.85
2013-01-30,11.7
2013-01-31,11.78
2013-02-01,12.2
2013-02-04,12.16
2013-02-05,12.27
2013-02-06,12.15
2013-02-07,12.01
2013-02-08,12.09
2013-02-11,12.16
2013-02-12,12.56
2013-02-13,12.53
2013-02-14,12.6
2013-02-15,12.72
2013-02-19,13.07
2013-02-20,12.96
2013-02-21,12.69
2013-02-22,12.96
2013-02-25,12.65
2013-02-26,12.9
2013-02-27,12.9
2013-02-28,12.77
2013-03-01,12.87
2013-03-04,13.51
2013-03-05,13.96
2013-03-06,13.92
2013-03-07,13.98
2013-03-08,13.94
2013-03-11,13.76
2013-03-12,13.45
2013-03-13,13.47
2013-03-14,13.6
2013-03-15,13.47
2013-03-18,13.46
2013-03-19,13.38
2013-03-20,13.4
2013-03-21,13.36
2013-03-22,13.42
2013-03-25,13.55
2013-03-26,13.69
2013-03-27,13.87
2013-03-28,13.85
2013-04-01,13.43
2013-04-02,13.6
2013-04-03,13.35
2013-04-04,13.29
2013-04-05,13.02
2013-04-08,13.0
2013-04-09,12.7
2013-04-10,13.0
2013-04-11,12.9
2013-04-12,12.83
2013-04-15,12.13
2013-04-16,12.5
2013-04-17,12.55
2013-04-18,12.45
2013-04-19,12.57
2013-04-22,12.65
2013-04-23,12.8
2013-04-24,12.86
2013-04-25,12.89
2013-04-26,12.93
2013-04-29,12.86
2013-04-30,13.0
2013-05-01,12.69
2013-05-02,12.83
2013-05-03,12.84
2013-05-06,12.9
2013-05-07,12.89
2013-05-08,12.85
2013-05-09,12.96
2013-05-10,12.86
2013-05-13,12.91
2013-05-14,13.04
2013-05-15,13.0
2013-05-16,13.22
2013-05-17,13.5
2013-05-20,13.66
2013-05-21,13.66
2013-05-22,13.9
2013-05-23,13.89
2013-05-24,14.13
2013-05-28,14.44
2013-05-29,14.56
2013-05-30,14.53
2013-05-31,14.37
2013-06-03,14.88
2013-06-04,14.83
2013-06-05,14.48
2013-06-06,14.62
2013-06-07,14.58
2013-06-10,14.5
2013-06-11,14.09
2013-06-12,13.84
2013-06-13,14.13
2013-06-14,13.95
2013-06-17,14.03
2013-06-18,14.13
2013-06-19,13.95
2013-06-20,13.8
2013-06-21,14.23
2013-06-24,14.26
2013-06-25,14.42
2013-06-26,14.52
2013-06-27,15.02
2013-06-28,14.99
2013-07-01,15.59
2013-07-02,15.8
2013-07-03,15.85
2013-07-05,16.05
2013-07-08,16.09
2013-07-09,15.75
2013-07-10,15.76
2013-07-11,15.89
2013-07-12,16.22
2013-07-15,16.4
2013-07-16,16.52
2013-07-17,16.48
2013-07-18,16.49
2013-07-19,16.48
2013-07-22,16.45
2013-07-23,16.21
2013-07-24,16.26
2013-07-25,15.38
2013-07-26,15.33
2013-07-29,15.11
2013-07-30,15.0
2013-07-31,15.0
2013-08-01,15.17
2013-08-02,15.21
2013-08-05,15.22
2013-08-06,15.19
2013-08-07,15.01
2013-08-08,15.13
2013-08-09,15.09
2013-08-12,15.17
2013-08-13,15.27
2013-08-14,15.1
2013-08-15,14.89
2013-08-16,14.99
2013-08-19,14.83
2013-08-20,15.1
2013-08-21,14.92
2013-08-22,15.18
2013-08-23,15.3
2013-08-26,15.28
2013-08-27,15.27
2013-08-28,15.54
2013-08-29,15.78
2013-08-30,15.81
2013-09-03,16.18
2013-09-04,16.4
2013-09-05,17.02
2013-09-06,17.18
2013-09-09,17.37
2013-09-10,17.94
2013-09-11,18.13
2013-09-12,17.84
2013-09-13,17.86
2013-09-16,17.93
2013-09-17,17.94
2013-09-18,17.78
2013-09-19,17.78
2013-09-20,18.23
2013-09-23,18.16
2013-09-24,18.26
2013-09-25,17.85
2013-09-26,17.72
2013-09-27,17.85
2013-09-30,17.69
2013-10-01,17.66
2013-10-02,17.53
2013-10-03,17.57
2013-10-04,17.5
2013-10-07,17.49
2013-10-08,17.44
2013-10-09,17.84
2013-10-10,18.41
2013-10-11,18.54
2013-10-14,18.8
2013-10-15,18.43
2013-10-16,18.56
2013-10-17,18.58
2013-10-18,18.61
2013-10-21,18.88
2013-10-22,18.74
2013-10-23,18.58
2013-10-24,18.54
2013-10-25,16.93
2013-10-28,16.91
2013-10-29,16.82
2013-10-30,16.64
2013-10-31,16.17
2013-11-01,16.14
2013-11-04,16.41
2013-11-05,16.38
2013-11-06,16.23
2013-11-07,16.14
2013-11-08,16.718
2013-11-11,17.15
2013-11-12,17.05
2013-11-13,17.31
2013-11-14,17.68
2013-11-15,17.86
2013-11-18,17.72
2013-11-19,17.6
2013-11-20,17.03
2013-11-21,17.23
2013-11-22,17.31
2013-11-25,17.58
2013-11-26,17.95
2013-11-27,18.18
2013-11-29,18.3
2013-12-02,17.5
2013-12-03,17.43
2013-12-04,16.87
2013-12-05,16.7
2013-12-06,17.28
2013-12-09,17.72
2013-12-10,17.56
2013-12-11,17.1
2013-12-12,16.79
2013-12-13,16.81
2013-12-16,16.85
2013-12-17,16.91
2013-12-18,17.19
2013-12-19,17.21
2013-12-20,17.59
2013-12-23,17.86
2013-12-24,17.92
2013-12-26,17.81
2013-12-27,18.01
2013-12-30,17.85
2013-12-31,17.91
2014-01-02,17.47
2014-01-03,17.51
2014-01-06,17.65
2014-01-07,17.9
2014-01-08,18.43
2014-01-09,17.62
2014-01-10,18.0
2014-01-13,18.01
2014-01-14,18.0
2014-01-15,18.02
2014-01-16,17.96
2014-01-17,17.76
2014-01-21,17.69
2014-01-22,17.93
2014-01-23,17.62
2014-01-24,18.9
2014-01-27,19.25
2014-01-28,19.23
2014-01-29,18.94
2014-01-30,19.17
2014-01-31,19.05
2014-02-03,18.58
2014-02-04,18.76
2014-02-05,18.72
2014-02-06,18.52
2014-02-07,18.55
2014-02-10,18.41
2014-02-11,19.0
2014-02-12,19.24
2014-02-13,19.24
2014-02-14,19.54
2014-02-18,19.42
2014-02-19,18.88
2014-02-20,18.73
2014-02-21,19.1
2014-02-24,19.27
2014-02-25,19.03
2014-02-26,19.24
2014-02-27,19.2
2014-02-28,19.15
2014-03-03,19.32
2014-03-04,19.9
2014-03-05,19.55
2014-03-06,19.26
2014-03-07,19.56
2014-03-10,19.44
2014-03-11,19.31
2014-03-12,19.6
2014-03-13,19.56
2014-03-14,19.98
2014-03-17,19.98
2014-03-18,19.93
2014-03-19,19.97
2014-03-20,20.05
2014-03-21,19.74
2014-03-24,19.46
2014-03-25,19.46
2014-03-26,18.9
2014-03-27,18.34
2014-03-28,18.54
2014-03-31,18.81
2014-04-01,19.34
2014-04-02,19.51
2014-04-03,19.54
2014-04-04,19.21
2014-04-07,19.01
2014-04-08,19.1
2014-04-09,19.11
2014-04-10,18.63
2014-04-11,17.98
2014-04-14,18.2
2014-04-15,18.16
2014-04-16,18.23
2014-04-17,18.57
2014-04-21,18.65
2014-04-22,18.82
2014-04-23,18.6
2014-04-24,15.835
2014-04-25,15.92
2014-04-28,15.61
2014-04-29,15.55
2014-04-30,15.82
2014-05-01,15.78
2014-05-02,15.77
2014-05-05,15.57
2014-05-06,15.4
2014-05-07,15.49
2014-05-08,15.42
2014-05-09,15.63
2014-05-12,15.91
2014-05-13,15.69
2014-05-14,15.4
2014-05-15,15.26
2014-05-16,15.1
2014-05-19,15.245
2014-05-20,14.93
2014-05-21,14.89
2014-05-22,14.87
2014-05-23,15.07
2014-05-27,15.72
2014-05-28,15.81
2014-05-29,15.6
2014-05-30,15.7
2014-06-02,15.81
2014-06-03,15.71
2014-06-04,15.8
2014-06-05,16.31
2014-06-06,16.32
2014-06-09,16.36
2014-06-10,16.2
2014-06-11,11.54
2014-06-12,11.4
2014-06-13,11.37
2014-06-16,11.64
2014-06-17,11.98
2014-06-18,12.07
2014-06-19,11.9
2014-06-20,11.86
2014-06-23,11.74
2014-06-24,11.4
2014-06-25,11.74
2014-06-26,12.02
2014-06-27,11.9
2014-06-30,11.91
2014-07-01,11.9
2014-07-02,11.82
2014-07-03,11.99
2014-07-07,11.895
2014-07-08,11.71
2014-07-09,11.8
2014-07-10,11.51
2014-07-11,11.55
2014-07-14,11.49
2014-07-15,11.48
2014-07-16,11.31
2014-07-17,10.94
2014-07-18,11.0
2014-07-21,10.87
2014-07-22,11.0
2014-07-23,10.87
2014-07-24,9.31
2014-07-25,9.54
2014-07-28,9.52
2014-07-29,9.54
2014-07-30,9.75
2014-07-31,9.5
2014-08-01,9.32
2014-08-04,9.04
2014-08-05,8.99
2014-08-06,9.15
2014-08-07,9.1
2014-08-08,9.02
2014-08-11,9.07
2014-08-12,8.6
2014-08-13,8.7
2014-08-14,8.61
2014-08-15,8.71
2014-08-18,8.93
2014-08-19,9.19
2014-08-20,9.18
2014-08-21,9.48
2014-08-22,9.94
2014-08-25,9.68
2014-08-26,9.96
2014-08-27,10.01
2014-08-28,9.81
2014-08-29,9.71
2014-09-02,9.57
2014-09-03,9.51
2014-09-04,9.21
2014-09-05,9.33
2014-09-08,9.27
2014-09-09,9.2
2014-09-10,9.09
2014-09-11,9.69
2014-09-12,9.83
2014-09-15,9.8
2014-09-16,9.82
2014-09-17,9.8
2014-09-18,10.02
2014-09-19,10.0
2014-09-22,9.33
2014-09-23,9.05
2014-09-24,9.09
2014-09-25,8.84
2014-09-26,8.97
2014-09-29,8.79
2014-09-30,8.59
2014-10-01,8.52
2014-10-02,8.91
2014-10-03,8.93
2014-10-06,8.66
2014-10-07,8.45
2014-10-08,8.44
2014-10-09,8.4
2014-10-10,8.4
2014-10-13,8.455
2014-10-14,8.43
2014-10-15,8.11
2014-10-16,8.67
2014-10-17,8.51
2014-10-20,8.33
2014-10-21,8.54
2014-10-22,8.54
2014-10-23,8.73
2014-10-24,8.72
2014-10-27,8.74
2014-10-28,9.32
2014-10-29,9.24
2014-10-30,9.21
2014-10-31,9.46
2014-11-03,9.82
2014-11-04,9.7
2014-11-05,9.58
2014-11-06,9.64
2014-11-07,9.49
2014-11-10,9.35
2014-11-11,9.44
2014-11-12,9.64
2014-11-13,9.4
2014-11-14,9.46
2014-11-17,9.24
2014-11-18,9.42
2014-11-19,9.21
2014-11-20,9.43
2014-11-21,9.13
2014-11-24,9.09
2014-11-25,9.05
2014-11-26,9.09
2014-11-28,8.96
2014-12-01,8.77
2014-12-02,9.34
2014-12-03,9.68
2014-12-04,9.48
2014-12-05,10.015
2014-12-08,9.96
2014-12-09,10.23
2014-12-10,9.9
2014-12-11,9.99
2014-12-12,9.92
2014-12-15,9.9
2014-12-16,9.9
2014-12-17,10.12
2014-12-18,10.38
2014-12-19,10.13
2014-12-22,10.42
2014-12-23,10.59
2014-12-24,10.66
2014-12-26,10.74
2014-12-29,10.78
2014-12-30,10.96
2014-12-31,10.89
2015-01-02,10.33
2015-01-05,10.02
2015-01-06,9.57
2015-01-07,9.77
2015-01-08,10.05
2015-01-09,9.64
2015-01-12,9.46
2015-01-13,9.41
2015-01-14,9.01
2015-01-15,8.73
2015-01-16,8.89
2015-01-20,8.93
2015-01-21,8.58
2015-01-22,8.91
2015-01-23,8.71
2015-01-26,8.755
2015-01-27,8.78
2015-01-28,8.725
2015-01-29,8.62
2015-01-30,8.52
2015-02-02,8.41
2015-02-03,8.59
2015-02-04,8.55
2015-02-05,8.98
2015-02-06,9.4
2015-02-09,9.03
2015-02-10,9.07
2015-02-11,9.11
2015-02-12,9.37
2015-02-13,9.275
2015-02-17,9.2
2015-02-18,9.12
2015-02-19,8.97
2015-02-20,8.99
2015-02-23,8.98
2015-02-24,9.16
2015-02-25,9.06
2015-02-26,9.3
2015-02-27,9.34
2015-03-02,9.27
2015-03-03,9.13
2015-03-04,8.92
2015-03-05,8.85
2015-03-06,9.08
2015-03-09,9.29
2015-03-10,8.98
2015-03-11,9.03
2015-03-12,9.11
2015-03-13,9.41
2015-03-16,9.1
2015-03-17,9.18
2015-03-18,9.01
2015-03-19,8.9
2015-03-20,9.21
2015-03-23,9.34
2015-03-24,9.32
2015-03-25,8.92
2015-03-26,8.97
2015-03-27,8.9
2015-03-30,8.98
2015-03-31,9.03
2015-04-01,8.99
2015-04-02,9.2
2015-04-06,9.06
2015-04-07,9.14
2015-04-08,9.14
2015-04-09,9.0
2015-04-10,9.02
2015-04-13,9.07
2015-04-14,9.02
2015-04-15,9.18
2015-04-16,9.11
2015-04-17,8.93
2015-04-20,8.9
2015-04-21,8.91
2015-04-22,9.01
2015-04-23,9.06
2015-04-24,9.16
2015-04-27,9.54
2015-04-28,9.73
2015-04-29,9.87
2015-04-30,9.74
2015-05-01,9.55
2015-05-04,9.61
2015-05-05,9.6
2015-05-06,9.81
2015-05-07,9.77
2015-05-08,9.85
2015-05-11,9.92
2015-05-12,9.86
2015-05-13,9.86
2015-05-14,9.78
2015-05-15,9.6
2015-05-18,9.68
2015-05-19,9.86
2015-05-20,9.8
2015-05-21,9.94
2015-05-22,9.78
2015-05-26,9.55
2015-05-27,9.69
2015-05-28,9.62
2015-05-29,9.67
2015-06-01,9.61
2015-06-02,9.79
2015-06-03,9.99
2015-06-04,9.93
2015-06-05,10.32
2015-06-08,10.12
2015-06-09,10.15
2015-06-10,10.4
2015-06-11,10.41
2015-06-12,10.29
2015-06-15,10.02
2015-06-16,10.09
2015-06-17,9.84
2015-06-18,9.96
2015-06-19,10.0
2015-06-22,10.22
2015-06-23,10.47
2015-06-24,10.47
2015-06-25,10.4
2015-06-26,10.5
2015-06-29,9.29
2015-06-30,9.28
2015-07-01,9.51
2015-07-02,9.42
2015-07-06,9.39
2015-07-07,9.37
2015-07-08,9.15
2015-07-09,9.28
2015-07-10,9.42
2015-07-13,9.48
2015-07-14,9.48
2015-07-15,9.51
2015-07-16,9.47
2015-07-17,9.39
2015-07-20,9.45
2015-07-21,9.4
2015-07-22,9.45
2015-07-23,9.14
2015-07-24,8.75
2015-07-27,8.64
2015-07-28,8.55
2015-07-29,8.5
2015-07-30,8.47
2015-07-31,8.35
2015-08-03,8.25
2015-08-04,8.24
2015-08-05,8.2
2015-08-06,8.18
2015-08-07,8.16
2015-08-10,8.28
2015-08-11,8.15
2015-08-12,7.9
2015-08-13,7.81
2015-08-14,7.94
2015-08-17,8.04
2015-08-18,8.19
2015-08-19,8.02
2015-08-20,7.88
2015-08-21,7.86
2015-08-24,7.49
2015-08-25,7.36
2015-08-26,7.4
2015-08-27,7.47
2015-08-28,7.41
2015-08-31,7.34
2015-09-01,7.17
2015-09-02,7.4
2015-09-03,7.45
2015-09-04,7.46
2015-09-08,7.69
2015-09-09,7.64
2015-09-10,7.84
2015-09-11,8.03
2015-09-14,7.96
2015-09-15,7.89
2015-09-16,8.03
2015-09-17,7.86
2015-09-18,7.78
2015-09-21,7.95
2015-09-22,8.38
2015-09-23,8.73
2015-09-24,8.82
2015-09-25,8.65
2015-09-28,8.46
2015-09-29,8.22
2015-09-30,7.62
2015-10-01,7.16
2015-10-02,6.95
2015-10-05,7.46
2015-10-06,7.44
2015-10-07,7.55
2015-10-08,7.52
2015-10-09,7.56
2015-10-12,7.68
2015-10-13,7.71
2015-10-14,7.24
2015-10-15,6.92
2015-10-16,6.88
2015-10-19,6.88
2015-10-20,6.97
2015-10-21,7.03
2015-10-22,7.16
2015-10-23,7.53
2015-10-26,7.48
2015-10-27,7.38
2015-10-28,7.83
2015-10-29,7.7
2015-10-30,7.2
2015-11-02,7.44
2015-11-03,7.63
2015-11-04,7.64
2015-11-05,7.77
2015-11-06,8.08
2015-11-09,7.94
2015-11-10,7.95
2015-11-11,7.86
2015-11-12,7.66
2015-11-13,7.37
2015-11-16,7.42
2015-11-17,7.37
2015-11-18,7.14
2015-11-19,7.2
2015-11-20,7.28
2015-11-23,7.2
2015-11-24,7.38
2015-11-25,7.495
2015-11-27,7.77
2015-11-30,7.68
2015-12-01,7.72
2015-12-02,7.65
2015-12-03,7.69
2015-12-04,7.77
2015-12-07,7.46
2015-12-08,7.47
2015-12-09,7.4
2015-12-10,7.58
2015-12-11,7.19
2015-12-14,6.65
2015-12-15,6.63
2015-12-16,6.7
2015-12-17,6.75
2015-12-18,6.43
2015-12-21,6.37
2015-12-22,6.4
2015-12-23,6.39
2015-12-24,6.79
2015-12-28,6.5
2015-12-29,6.58
2015-12-30,6.52
2015-12-31,6.37
2016-01-04,6.05
2016-01-05,6.05
2016-01-06,6.12
2016-01-07,5.82
2016-01-08,5.46
2016-01-11,5.23
2016-01-12,5.07
2016-01-13,5.15
2016-01-14,5.23
2016-01-15,5.21
2016-01-19,4.85
2016-01-20,4.81
2016-01-21,4.8
2016-01-22,4.75
2016-01-25,4.45
2016-01-26,4.41
2016-01-27,4.44
2016-01-28,4.5
2016-01-29,4.5
2016-02-01,5.0
2016-02-02,4.7
2016-02-03,4.52
2016-02-04,4.35
2016-02-05,4.18
2016-02-08,4.11
2016-02-09,4.07
2016-02-10,4.41
2016-02-11,4.09
2016-02-12,4.41
2016-02-16,4.71
2016-02-17,4.57
2016-02-18,4.53
2016-02-19,4.63
2016-02-22,4.43
2016-02-23,4.57
2016-02-24,4.39
2016-02-25,4.58
2016-02-26,4.76
2016-02-29,4.77
2016-03-01,4.88
2016-03-02,5.01
2016-03-03,5.2
2016-03-04,5.25
2016-03-07,5.4
2016-03-08,5.26
2016-03-09,5.18
2016-03-10,5.2
2016-03-11,5.18
2016-03-14,5.3
2016-03-15,5.29
2016-03-16,5.04
2016-03-17,5.35
2016-03-18,5.67
2016-03-21,5.56
2016-03-22,5.67
2016-03-23,5.14
2016-03-24,5.39
2016-03-28,5.36
2016-03-29,5.76
2016-03-30,5.79
2016-03-31,5.72
2016-04-01,5.24
2016-04-04,5.18
2016-04-05,5.36
2016-04-06,5.43
2016-04-07,5.17
2016-04-08,5.22
2016-04-11,5.41
2016-04-12,5.43
2016-04-13,5.79
2016-04-14,5.8
2016-04-15,5.74
2016-04-18,5.96
2016-04-19,5.95
2016-04-20,6.04
2016-04-21,6.05
2016-04-22,6.21
2016-04-25,6.06
2016-04-26,6.17
2016-04-27,6.14
2016-04-28,5.96
2016-04-29,5.67
2016-05-02,5.74
2016-05-03,5.45
2016-05-04,5.33
2016-05-05,5.2
2016-05-06,5.16
2016-05-09,5.45
2016-05-10,5.54
2016-05-11,5.42
2016-05-12,5.39
2016-05-13,5.36
2016-05-16,5.68
2016-05-17,5.6
2016-05-18,5.94
2016-05-19,5.69
2016-05-20,5.94
2016-05-23,5.82
2016-05-24,6.3
2016-05-25,6.96
2016-05-26,6.81
2016-05-27,6.77
2016-05-31,6.75
2016-06-01,6.94
2016-06-02,6.9
2016-06-03,6.67
2016-06-06,6.85
2016-06-07,6.72
2016-06-08,6.73
2016-06-09,6.76
2016-06-10,6.77
2016-06-13,6.49
2016-06-14,6.45
2016-06-15,6.47
2016-06-16,6.49
2016-06-17,6.47
2016-06-20,6.7
2016-06-21,6.58
2016-06-22,6.55
2016-06-23,6.91
2016-06-24,6.29
2016-06-27,5.73
2016-06-28,5.88
2016-06-29,5.93
2016-06-30,6.02
2016-07-01,5.93
2016-07-05,5.48
2016-07-06,5.55
2016-07-07,5.58
2016-07-08,6.09
2016-07-11,6.06
2016-07-12,6.36
2016-07-13,6.07
2016-07-14,6.15
2016-07-15,6.25
2016-07-18,6.22
2016-07-19,6.23
2016-07-20,6.05
2016-07-21,5.89
2016-07-22,5.96
2016-07-25,5.78
2016-07-26,5.75
2016-07-27,6.08
2016-07-28,5.97
2016-07-29,5.3
2016-08-01,5.23
2016-08-02,4.85
2016-08-03,4.89
2016-08-04,4.87
2016-08-05,4.95
2016-08-08,5.05
2016-08-09,4.96
2016-08-10,4.83
2016-08-11,4.86
2016-08-12,4.9
2016-08-15,4.88
2016-08-16,4.94
2016-08-17,5.16
2016-08-18,5.19
2016-08-19,5.27
2016-08-22,5.14
2016-08-23,5.55
2016-08-24,5.86
2016-08-25,5.86
2016-08-26,6.06
2016-08-29,6.06
2016-08-30,6.12
2016-08-31,6.19
2016-09-01,6.13
2016-09-02,6.19
2016-09-06,6.09
2016-09-07,6.12
2016-09-08,6.12
2016-09-09,6.04
2016-09-12,6.24
2016-09-13,6.03
2016-09-14,6.03
2016-09-15,6.11
2016-09-16,6.11
2016-09-19,6.17
2016-09-20,6.1
2016-09-21,6.18
2016-09-22,6.38
2016-09-23,6.32
2016-09-26,6.2
2016-09-27,6.2
2016-09-28,6.2
2016-09-29,6.31
2016-09-30,6.42
2016-10-03,6.37
2016-10-04,6.52
2016-10-05,6.54
2016-10-06,6.75
2016-10-07,6.71
2016-10-10,7.01
2016-10-11,6.95
2016-10-12,6.92
2016-10-13,6.92
2016-10-14,7.0
2016-10-17,6.95
2016-10-18,7.01
2016-10-19,7.01
2016-10-20,6.94
2016-10-21,7.11
2016-10-24,7.02
2016-10-25,7.13
2016-10-26,7.02
2016-10-27,7.02
2016-10-28,5.99
2016-10-31,6.23
2016-11-01,6.39
2016-11-02,6.41
2016-11-03,6.65
2016-11-04,6.51
2016-11-07,6.65
2016-11-08,6.56
2016-11-09,6.69
2016-11-10,6.68
2016-11-11,6.8
2016-11-14,7.0
2016-11-15,6.98
2016-11-16,7.07
2016-11-17,7.05
2016-11-18,7.19
2016-11-21,7.3
2016-11-22,7.44
2016-11-23,7.6
2016-11-25,7.6
2016-11-28,7.43
2016-11-29,7.19
2016-11-30,6.92
2016-12-01,6.97
2016-12-02,6.93
2016-12-05,7.32
2016-12-06,7.42
2016-12-07,7.49
2016-12-08,7.7
2016-12-09,7.85
2016-12-12,7.55
2016-12-13,7.575
2016-12-14,7.61
2016-12-15,7.72
2016-12-16,7.58
2016-12-19,7.7
2016-12-20,7.88
2016-12-21,7.9
2016-12-22,8.04
2016-12-23,8.04
2016-12-27,7.98
2016-12-28,8.03
2016-12-29,7.75
2016-12-30,7.86
2017-01-03,8.06
2017-01-04,7.6
2017-01-05,7.18
2017-01-06,7.17
2017-01-09,7.1
2017-01-10,7.29
2017-01-11,7.48
2017-01-12,7.1
2017-01-13,7.26
2017-01-17,6.95
2017-01-18,6.98
2017-01-19,7.03
2017-01-20,7.07
2017-01-23,6.95
2017-01-24,7.2
2017-01-25,7.3
2017-01-26,7.35
2017-01-27,7.32
2017-01-30,7.04
2017-01-31,5.99
2017-02-01,5.0
2017-02-02,5.06
2017-02-03,5.18
2017-02-06,4.99
2017-02-07,4.94
2017-02-08,5.01
2017-02-09,5.29
2017-02-10,5.07
2017-02-13,4.98
2017-02-14,5.04
2017-02-15,5.35
2017-02-16,5.35
2017-02-17,5.29
2017-02-21,5.24
2017-02-22,5.16
2017-02-23,5.22
2017-02-24,5.18
2017-02-27,5.26
2017-02-28,5.18
2017-03-01,5.16
2017-03-02,5.12
2017-03-03,5.13
2017-03-06,5.08
2017-03-07,5.06
2017-03-08,5.0
2017-03-09,5.01
2017-03-10,4.93
2017-03-13,4.88
2017-03-14,4.87
2017-03-15,4.84
2017-03-16,4.97
2017-03-17,5.01
2017-03-20,4.86
2017-03-21,4.59
2017-03-22,4.52
2017-03-23,4.85
2017-03-24,4.9
2017-03-27,5.0
2017-03-28,4.98
2017-03-29,4.93
2017-03-30,5.1
2017-03-31,5.1
2017-04-03,4.92
2017-04-04,4.88
2017-04-05,4.75
2017-04-06,4.75
2017-04-07,4.78
2017-04-10,4.75
2017-04-11,5.13
2017-04-12,5.03
2017-04-13,4.9
2017-04-17,4.97
2017-04-18,4.99
2017-04-19,4.87
2017-04-20,4.96
2017-04-21,4.93
2017-04-24,5.0
2017-04-25,5.0
2017-04-26,5.21
2017-04-27,5.06
2017-04-28,6.45
2017-05-01,6.73
2017-05-02,6.72
2017-05-03,6.76
2017-05-04,6.79
2017-05-05,6.76
2017-05-08,6.79
2017-05-09,6.73
2017-05-10,6.62
2017-05-11,6.49
2017-05-12,6.55
2017-05-15,6.57
2017-05-16,6.46
2017-05-17,6.31
2017-05-18,6.16
2017-05-19,6.22
2017-05-22,6.14
2017-05-23,6.23
2017-05-24,6.12
2017-05-25,6.21
2017-05-26,6.12
2017-05-30,6.11
2017-05-31,6.12
2017-06-01,6.17
2017-06-02,6.18
2017-06-05,6.15
2017-06-06,6.14
2017-06-07,6.12
2017-06-08,6.34
2017-06-09,6.5
2017-06-12,6.46
2017-06-13,6.63
2017-06-14,6.66
2017-06-15,6.93
2017-06-16,7.19
2017-06-19,7.3
2017-06-20,7.26
2017-06-21,7.25
2017-06-22,7.25
2017-06-23,7.26
2017-06-26,7.43
2017-06-27,7.61
2017-06-28,7.61
2017-06-29,7.74
2017-06-30,7.58
2017-07-03,7.68
2017-07-05,7.61
2017-07-06,7.65
2017-07-07,7.67
2017-07-10,7.66
2017-07-11,7.69
2017-07-12,7.7
2017-07-13,7.65
2017-07-14,7.6
2017-07-17,7.55
2017-07-18,7.57
2017-07-19,7.57
2017-07-20,7.5
2017-07-21,7.39
2017-07-24,7.45
2017-07-25,7.55
2017-07-26,7.52
2017-07-27,7.55
2017-07-28,7.7
2017-07-31,7.75
2017-08-01,7.73
2017-08-02,7.69
2017-08-03,7.72
2017-08-04,7.88
2017-08-07,7.96
2017-08-08,7.91
2017-08-09,7.75
2017-08-10,7.44
2017-08-11,7.36
2017-08-14,7.55
2017-08-15,7.49
2017-08-16,7.47
2017-08-17,7.51
2017-08-18,7.68
2017-08-21,7.75
2017-08-22,7.8
2017-08-23,7.6
2017-08-24,7.76
2017-08-25,7.92
2017-08-28,7.71
2017-08-29,7.69
2017-08-30,7.85
2017-08-31,7.85
2017-09-01,7.85
2017-09-05,7.71
2017-09-06,7.69
2017-09-07,7.75
2017-09-08,7.79
2017-09-11,7.76
2017-09-12,7.84
2017-09-13,7.82
2017-09-14,7.79
2017-09-15,7.87
2017-09-18,7.94
2017-09-19,7.96
2017-09-20,7.98
2017-09-21,8.09
2017-09-22,8.16
2017-09-25,8.25
2017-09-26,8.25
2017-09-27,8.31
2017-09-28,8.34
2017-09-29,8.27
2017-10-02,8.38
2017-10-03,8.44
2017-10-04,8.3
2017-10-05,8.37
2017-10-06,8.33
2017-10-09,8.39
2017-10-10,8.5
2017-10-11,8.27
2017-10-12,8.14
2017-10-13,8.36
2017-10-16,8.4
2017-10-17,8.28
2017-10-18,8.56
2017-10-19,8.39
2017-10-20,8.47
2017-10-23,8.6
2017-10-24,8.48
2017-10-25,8.4
2017-10-26,8.4
2017-10-27,8.64
2017-10-30,8.49
2017-10-31,8.41
2017-11-01,8.52
2017-11-02,8.72
2017-11-03,8.87
2017-11-06,8.81
2017-11-07,8.7
2017-11-08,8.71
2017-11-09,8.88
2017-11-10,9.0
2017-11-13,9.15
2017-11-14,9.12
2017-11-15,8.99
2017-11-16,9.66
2017-11-17,9.71
2017-11-20,10.0
2017-11-21,10.08
2017-11-22,9.92
2017-11-24,9.79
2017-11-27,9.6
2017-11-28,9.68
2017-11-29,9.84
2017-11-30,9.67
2017-12-01,9.64
2017-12-04,9.66
2017-12-05,9.59
2017-12-06,9.64
2017-12-07,9.65
2017-12-08,9.48
2017-12-11,9.47
2017-12-12,9.83
2017-12-13,9.84
2017-12-14,9.89
2017-12-15,10.13
2017-12-18,10.21
2017-12-19,10.18
2017-12-20,9.96
2017-12-21,10.13
2017-12-22,9.99
2017-12-26,10.03
2017-12-27,9.96
2017-12-28,9.92
2017-12-29,9.88
2018-01-02,9.97
2018-01-03,9.94
2018-01-04,10.04
2018-01-05,10.07
2018-01-08,10.09
2018-01-09,10.25
2018-01-10,10.32
2018-01-11,10.8
2018-01-12,10.86
2018-01-16,10.82
2018-01-17,10.86
2018-01-18,10.8
2018-01-19,10.85
2018-01-22,11.04
2018-01-23,11.08
2018-01-24,10.995
2018-01-25,11.28
2018-01-26,10.75
2018-01-29,10.675
2018-01-30,10.45
2018-01-31,10.57
2018-02-01,10.78
2018-02-02,10.6
2018-02-05,10.0
2018-02-06,10.14
2018-02-07,10.105
2018-02-08,10.25
2018-02-09,10.41
2018-02-12,10.4
2018-02-13,10.39
2018-02-14,10.45
2018-02-15,10.7
2018-02-16,10.75
2018-02-20,10.72
2018-02-21,10.9
2018-02-22,10.94
2018-02-23,10.9
2018-02-26,10.78
2018-02-27,10.67
2018-02-28,10.57
2018-03-01,10.49
2018-03-02,10.49
2018-03-05,10.64
2018-03-06,10.79
2018-03-07,10.86
2018-03-08,10.84
2018-03-09,10.96
2018-03-12,10.97
2018-03-13,10.89
2018-03-14,10.9
2018-03-15,10.95
2018-03-16,10.99
2018-03-19,11.17
2018-03-20,11.19
2018-03-21,11.29
2018-03-22,10.96
2018-03-23,10.59
2018-03-26,10.86
2018-03-27,10.7
2018-03-28,10.72
2018-03-29,10.8
2018-04-02,10.56
2018-04-03,10.22
2018-04-04,10.62
2018-04-05,10.76
2018-04-06,10.45
2018-04-09,10.38
2018-04-10,10.54
2018-04-11,10.59
2018-04-12,10.71
2018-04-13,10.66
2018-04-16,10.6
2018-04-17,10.68
2018-04-18,10.68
2018-04-19,10.92
2018-04-20,11.22
2018-04-23,11.08
2018-04-24,10.935
2018-04-25,10.86
2018-04-26,10.9
2018-04-27,10.91
2018-04-30,10.35
2018-05-01,10.26
2018-05-02,10.43
2018-05-03,10.35
2018-05-04,10.4
2018-05-07,10.55
2018-05-08,11.16
2018-05-09,11.22
2018-05-10,11.13
2018-05-11,11.14
2018-05-14,10.95
2018-05-15,11.06
2018-05-16,11.07
2018-05-17,11.77
2018-05-18,11.66
2018-05-21,11.53
2018-05-22,11.44
2018-05-23,11.32
2018-05-24,11.45
2018-05-25,11.48
2018-05-29,11.32
2018-05-30,11.53
2018-05-31,11.32
2018-06-01,11.48
2018-06-04,11.39
2018-06-05,11.43
2018-06-06,11.49
2018-06-07,11.43
2018-06-08,11.49
2018-06-11,11.28
2018-06-12,11.18
2018-06-13,11.14
2018-06-14,11.25
2018-06-15,11.32
2018-06-18,11.29
2018-06-19,11.24
2018-06-20,11.16
2018-06-21,10.85
2018-06-22,10.85
2018-06-25,10.74
2018-06-26,10.61
2018-06-27,10.55
2018-06-28,10.56
2018-06-29,10.46
2018-07-02,10.52
2018-07-03,10.55
2018-07-05,10.61
2018-07-06,10.68
2018-07-09,10.89
2018-07-10,10.68
2018-07-11,10.83
2018-07-12,10.57
2018-07-13,10.51
2018-07-16,10.63
2018-07-17,10.63
2018-07-18,10.81
2018-07-19,10.76
2018-07-20,10.73
2018-07-23,10.9
2018-07-24,10.89
2018-07-25,10.75
2018-07-26,10.64
2018-07-27,9.81
2018-07-30,9.85
2018-07-31,9.71
2018-08-01,9.91
2018-08-02,10.1
2018-08-03,10.07
2018-08-06,9.96
2018-08-07,9.73
2018-08-08,10.03
2018-08-09,10.03
2018-08-10,10.01
2018-08-13,9.93
2018-08-14,9.96
2018-08-15,9.69
2018-08-16,9.66
2018-08-17,9.62
2018-08-20,9.65
2018-08-21,9.8
2018-08-22,9.78
2018-08-23,9.6
2018-08-24,9.82
2018-08-27,9.85
2018-08-28,9.9
2018-08-29,9.92
2018-08-30,9.91
2018-08-31,10.03
2018-09-04,10.11
2018-09-05,10.12
2018-09-06,10.0
2018-09-07,10.075
2018-09-10,10.06
2018-09-11,10.11
2018-09-12,10.06
2018-09-13,9.93
2018-09-14,10.07
2018-09-17,9.96
2018-09-18,9.73
2018-09-19,9.76
2018-09-20,9.92
2018-09-21,9.76
2018-09-24,9.82
2018-09-25,9.85
2018-09-26,9.68
2018-09-27,9.6
2018-09-28,9.59
2018-10-01,9.41
2018-10-02,9.4
2018-10-03,9.66
2018-10-04,9.74
2018-10-05,9.54
2018-10-08,9.5
2018-10-09,9.5
2018-10-10,9.47
2018-10-11,9.33
2018-10-12,9.05
2018-10-15,9.25
2018-10-16,9.51
2018-10-17,9.63
2018-10-18,9.535
2018-10-19,9.38
2018-10-22,9.19
2018-10-23,9.07
2018-10-24,8.67
2018-10-25,8.93
2018-10-26,9.11
2018-10-29,9.62
2018-10-30,10.0
2018-10-31,10.5
2018-11-01,10.56
2018-11-02,10.35
2018-11-05,10.1
2018-11-06,10.44
2018-11-07,10.52
2018-11-08,10.69
2018-11-09,10.52
2018-11-12,10.45
2018-11-13,10.45
2018-11-14,10.23
2018-11-15,10.34
2018-11-16,10.21
2018-11-19,10.13
2018-11-20,9.79
2018-11-21,9.9
2018-11-23,9.87
2018-11-26,9.83
2018-11-27,9.69
2018-11-28,9.91
2018-11-29,9.83
2018-11-30,9.95
2018-12-03,9.88
2018-12-04,9.23
2018-12-06,9.22
2018-12-07,9.19
2018-12-10,8.76
2018-12-11,8.66
2018-12-12,8.85
2018-12-13,8.45
2018-12-14,8.3
2018-12-17,8.27
2018-12-18,8.05
2018-12-19,7.76
2018-12-20,7.88
2018-12-21,7.92
2018-12-24,7.67
2018-12-26,8.14
2018-12-27,7.85
2018-12-28,7.95
2018-12-31,7.96
2019-01-02,8.24
2019-01-03,8.11
2019-01-04,8.45
2019-01-07,8.53
2019-01-08,8.56
2019-01-09,8.72
2019-01-10,8.53
2019-01-11,8.48
2019-01-14,8.35
2019-01-15,8.42
2019-01-16,8.56
2019-01-17,8.54
2019-01-18,8.55
2019-01-22,8.67
2019-01-23,8.6
2019-01-24,8.93
2019-01-25,8.74
2019-01-28,8.55
2019-01-29,8.52
2019-01-30,8.54
2019-01-31,8.48
2019-02-01,8.62
2019-02-04,8.63
2019-02-05,8.71
2019-02-06,8.75
2019-02-07,8.7
2019-02-08,8.57
2019-02-11,8.53
2019-02-12,8.57
2019-02-13,8.61
2019-02-14,8.61
2019-02-15,8.73
2019-02-19,9.08
2019-02-20,9.13
2019-02-21,9.2
2019-02-22,9.39
2019-02-25,9.4
2019-02-26,9.17
2019-02-27,9.12
2019-02-28,9.07
2019-03-01,9.28
2019-03-04,9.44
2019-03-05,9.43
2019-03-06,8.95
2019-03-07,8.61
2019-03-08,8.66
2019-03-11,8.75
2019-03-12,8.6
2019-03-13,8.76
2019-03-14,8.84
2019-03-15,8.8
2019-03-18,8.74
2019-03-19,8.61
2019-03-20,8.22
2019-03-21,8.16
2019-03-22,7.76
2019-03-25,7.82
2019-03-26,8.05
2019-03-27,8.06
2019-03-28,8.17
2019-03-29,8.08
2019-04-01,8.31
2019-04-02,8.19
2019-04-03,8.34
2019-04-04,8.44
2019-04-05,8.6
2019-04-08,8.55
2019-04-09,8.48
2019-04-10,8.57
2019-04-11,8.56
2019-04-12,8.69
2019-04-15,8.5
2019-04-16,8.58
2019-04-17,8.51
2019-04-18,8.33
2019-04-22,8.25
2019-04-23,8.64
2019-04-24,8.86
2019-04-25,8.85
2019-04-26,10.35
2019-04-29,10.46
2019-04-30,10.21
2019-05-01,10.15
2019-05-02,10.37
2019-05-03,10.33
2019-05-06,10.46
2019-05-07,10.39
2019-05-08,10.07
2019-05-09,10.14
2019-05-10,10.07
2019-05-13,9.62
2019-05-14,9.83
2019-05-15,9.71
2019-05-16,9.84
2019-05-17,9.65
2019-05-20,9.75
2019-05-21,9.93
2019-05-22,9.73
2019-05-23,9.49
2019-05-24,9.49
2019-05-28,9.36
2019-05-29,9.3
2019-05-30,9.19
2019-05-31,8.9
2019-06-03,8.84
2019-06-04,9.35
2019-06-05,9.2
2019-06-06,9.01
2019-06-07,8.84
2019-06-10,8.99
2019-06-11,8.98
2019-06-12,8.92
2019-06-13,9.0
2019-06-14,8.96
2019-06-17,8.9
2019-06-18,9.13
2019-06-19,9.03
2019-06-20,9.04
2019-06-21,8.94
2019-06-24,8.93
2019-06-25,8.88
2019-06-26,8.78
2019-06-27,8.99
2019-06-28,8.92
2019-07-01,9.02
2019-07-02,8.92
2019-07-03,8.95
2019-07-05,9.11
2019-07-08,9.0
2019-07-09,9.15
2019-07-10,9.06
2019-07-11,9.22
2019-07-12,9.35
2019-07-15,9.3
2019-07-16,9.23
2019-07-17,9.13
2019-07-18,9.17
2019-07-19,9.07
2019-07-22,9.0
2019-07-23,9.08
2019-07-24,9.45
2019-07-25,9.35
2019-07-26,9.85
2019-07-29,9.86
2019-07-30,9.98
2019-07-31,9.68
2019-08-01,9.73
2019-08-02,9.91
2019-08-05,9.53
2019-08-06,9.4
2019-08-07,9.41
2019-08-08,9.4
2019-08-09,9.49
2019-08-12,9.66
2019-08-13,9.57
2019-08-14,9.43
2019-08-15,9.4
2019-08-16,9.75
2019-08-19,9.72
2019-08-20,9.48
2019-08-21,9.52
2019-08-22,9.41
2019-08-23,9.12
2019-08-26,9.18
2019-08-27,9.09
2019-08-28,9.02
2019-08-29,9.18
2019-08-30,9.13
2019-09-03,8.78
2019-09-04,8.73
2019-09-05,9.47
2019-09-06,9.2
2019-09-09,9.45
2019-09-10,9.59
2019-09-11,9.88
2019-09-12,10.05
2019-09-13,10.22
2019-09-16,10.4
2019-09-17,10.23
2019-09-18,10.21
2019-09-19,10.12
2019-09-20,10.19
2019-09-23,10.23
2019-09-24,10.06
2019-09-25,10.2
2019-09-26,9.96
2019-09-27,9.99
2019-09-30,9.9
2019-10-01,9.79
2019-10-02,9.71
2019-10-03,9.61
2019-10-04,9.8
2019-10-07,9.85
2019-10-08,9.685
2019-10-09,9.7
2019-10-10,9.685
2019-10-11,9.9
2019-10-14,9.84
2019-10-15,9.925
2019-10-16,9.98
2019-10-17,10.11
2019-10-18,10.07
2019-10-21,10.21
2019-10-22,10.24
2019-10-23,10.27
2019-10-24,10.15
2019-10-25,11.02
2019-10-28,10.92
2019-10-29,11.05
2019-10-30,10.97
2019-10-31,10.9
2019-11-01,11.0
2019-11-04,11.27
2019-11-05,11.51
2019-11-06,11.35
2019-11-07,11.26
2019-11-08,11.34
2019-11-11,11.45
2019-11-12,11.44
2019-11-13,11.33
2019-11-14,11.18
2019-11-15,11.12
2019-11-18,10.95
2019-11-19,10.9
2019-11-20,10.8
2019-11-21,10.68
2019-11-22,10.675
2019-11-25,10.86
2019-11-26,11.34
2019-11-27,11.12
2019-11-29,11.09
2019-12-02,11.11
2019-12-03,11.29
2019-12-04,11.35
2019-12-05,11.46
2019-12-06,11.57
2019-12-09,11.63
2019-12-10,11.89
2019-12-11,12.195
2019-12-12,12.605
2019-12-13,12.38
2019-12-16,12.82
2019-12-17,13.3
2019-12-18,13.57
2019-12-19,13.44
2019-12-20,13.15
2019-12-23,13.05
2019-12-24,13.09
2019-12-26,12.97
2019-12-27,12.86
2019-12-30,13.0
2019-12-31,12.97
2020-01-02,12.89
2020-01-03,12.645
2020-01-06,12.47
2020-01-07,12.24
2020-01-08,12.26
2020-01-09,12.12
2020-01-10,12.03
2020-01-13,12.16
2020-01-14,12.09
2020-01-15,12.05
2020-01-16,12.16
2020-01-17,12.11
2020-01-21,12.05
2020-01-22,12.09
2020-01-23,12.07
2020-01-24,11.79
2020-01-27,11.62
2020-01-28,11.77
2020-01-29,11.57
2020-01-30,11.61
2020-01-31,11.83
2020-02-03,12.08
2020-02-04,12.51
2020-02-05,12.64
2020-02-06,12.6
2020-02-07,12.57
2020-02-10,12.53
2020-02-11,12.91
2020-02-12,13.24
2020-02-13,13.16
2020-02-14,13.28
2020-02-18,13.36
2020-02-19,13.51
2020-02-20,13.53
2020-02-21,13.65
2020-02-24,13.61
2020-02-25,13.41
2020-02-26,13.4
2020-02-27,12.72
2020-02-28,12.17
2020-03-02,12.69
2020-03-03,12.21
2020-03-04,11.75
2020-03-05,11.14
2020-03-06,11.2
2020-03-09,9.32
2020-03-10,9.41
2020-03-11,8.9
2020-03-12,7.55
2020-03-13,7.51
2020-03-16,5.25
2020-03-17,4.63
2020-03-18,3.58
2020-03-19,4.58
2020-03-20,3.99
2020-03-23,4.12
2020-03-24,4.86
2020-03-25,5.41
2020-03-26,5.76
2020-03-27,5.77
2020-03-30,5.8
2020-03-31,6.07
2020-04-01,5.405
2020-04-02,5.08
2020-04-03,4.7
2020-04-06,5.5
2020-04-07,5.45
2020-04-08,5.75
2020-04-09,6.91
2020-04-13,6.55
2020-04-14,6.34
2020-04-15,5.93
2020-04-16,5.56
2020-04-17,6.27
2020-04-20,6.29
2020-04-21,5.89
2020-04-22,5.88
2020-04-23,5.87
2020-04-24,5.96
2020-04-27,6.33
2020-04-28,6.68
2020-04-29,7.57
2020-04-30,6.97
2020-05-01,7.53
2020-05-04,7.01
2020-05-05,6.91
2020-05-06,6.55
2020-05-07,6.66
2020-05-08,7.18
2020-05-11,7.03
2020-05-12,6.42
2020-05-13,5.88
2020-05-14,5.615
2020-05-15,5.86
2020-05-18,6.7
2020-05-19,6.4
2020-05-20,6.87
2020-05-21,7.16
2020-05-22,7.45
2020-05-26,7.81
2020-05-27,8.57
2020-05-28,8.29
2020-05-29,8.8
2020-06-01,8.26
2020-06-02,8.42
2020-06-03,8.96
2020-06-04,9.7
2020-06-05,10.93
2020-06-08,10.98
2020-06-09,10.145
2020-06-10,9.82
2020-06-11,8.96
2020-06-12,8.985
2020-06-15,9.63
2020-06-16,9.73
2020-06-17,9.13
2020-06-18,9.2
2020-06-19,9.09
2020-06-22,9.765
2020-06-23,9.3
2020-06-24,8.77
2020-06-25,9.21
2020-06-26,8.74
2020-06-29,9.3
2020-06-30,9.8
2020-07-01,9.17
2020-07-02,9.13
2020-07-06,8.98
2020-07-07,8.66
2020-07-08,8.635
2020-07-09,8.31
2020-07-10,8.54
2020-07-13,8.6
2020-07-14,8.36
2020-07-15,8.99
2020-07-16,8.87
2020-07-17,8.825
2020-07-20,8.72
2020-07-21,9.1
2020-07-22,8.84
2020-07-23,8.92
2020-07-24,8.85
2020-07-27,8.68
2020-07-28,8.72
2020-07-29,9.05
2020-07-30,8.78
2020-07-31,9.43
2020-08-03,8.97
2020-08-04,9.21
2020-08-05,9.64
2020-08-06,9.82
2020-08-07,10.18
2020-08-10,10.34
2020-08-11,10.69
2020-08-12,10.46
2020-08-13,10.13
2020-08-14,10.06
2020-08-17,10.01
2020-08-18,9.59
2020-08-19,9.64
2020-08-20,9.38
2020-08-21,9.19
2020-08-24,9.375
2020-08-25,9.51
2020-08-26,9.1
2020-08-27,9.36
2020-08-28,9.45
2020-08-31,9.5
2020-09-01,9.52
2020-09-02,9.55
2020-09-03,9.7
2020-09-04,9.85
2020-09-08,9.64
2020-09-09,9.51
2020-09-10,9.28
2020-09-11,9.01
2020-09-14,9.3
2020-09-15,9.35
2020-09-16,9.5
2020-09-17,9.51
2020-09-18,9.43
2020-09-21,8.6
2020-09-22,8.18
2020-09-23,8.07
2020-09-24,8.12
2020-09-25,8.3
2020-09-28,8.61
2020-09-29,8.655
2020-09-30,8.64
2020-10-01,8.73
2020-10-02,9.01
2020-10-05,9.395
2020-10-06,9.3
2020-10-07,9.3
2020-10-08,9.52
2020-10-09,9.46
2020-10-12,9.49
2020-10-13,9.28
2020-10-14,9.16
2020-10-15,9.635
2020-10-16,9.46
2020-10-19,9.14
2020-10-20,9.21
2020-10-21,9.18
2020-10-22,9.42
2020-10-23,9.57
2020-10-26,9.42
2020-10-27,9.08
2020-10-28,8.705
2020-10-29,8.98
2020-10-30,9.6
2020-11-02,9.6
2020-11-03,9.43
2020-11-04,9.25
2020-11-05,9.92
2020-11-06,10.25
2020-11-09,11.56
2020-11-10,11.555
2020-11-11,11.27
2020-11-12,10.72
2020-11-13,11.15
2020-11-16,11.97
2020-11-17,12.04
2020-11-18,11.41
2020-11-19,11.41
2020-11-20,11.415
2020-11-23,12.0
2020-11-24,12.83
2020-11-25,12.86
2020-11-27,12.59
2020-11-30,11.8
2020-12-01,12.22
2020-12-02,12.86
2020-12-03,12.97
2020-12-04,13.14
2020-12-07,13.18
2020-12-08,13.63
2020-12-09,13.41
2020-12-10,13.63
2020-12-11,13.54
2020-12-14,13.51
2020-12-15,14.19
2020-12-16,13.82
2020-12-17,13.89
2020-12-18,13.39
2020-12-21,13.4
2020-12-22,13.19
2020-12-23,13.51
2020-12-24,13.45
2020-12-28,13.57
2020-12-29,13.39
2020-12-30,13.57
2020-12-31,13.65
2021-01-04,13.55
2021-01-05,13.62
2021-01-06,14.94
2021-01-07,15.2
2021-01-08,15.31
2021-01-11,15.05
2021-01-12,15.59
2021-01-13,15.22
2021-01-14,15.93
2021-01-15,16.41
2021-01-19,16.54
2021-01-20,16.71
2021-01-21,16.82
2021-01-22,17.34
2021-01-25,17.17
2021-01-26,16.91
2021-01-27,16.59
2021-01-28,16.85
2021-01-29,16.77
2021-02-01,17.02
2021-02-02,18.62
2021-02-03,18.51
2021-02-04,18.54
2021-02-05,18.34
2021-02-08,18.81
2021-02-09,18.695
2021-02-10,19.37
2021-02-11,19.9
2021-02-12,19.61
2021-02-16,20.51
2021-02-17,21.0
2021-02-18,19.78
2021-02-19,20.45
2021-02-22,20.64
2021-02-23,20.39
2021-02-24,21.3
2021-02-25,20.41
2021-02-26,20.27
2021-03-01,21.08
2021-03-02,21.1
2021-03-03,21.91
2021-03-04,21.48
2021-03-05,21.97
2021-03-08,23.52
2021-03-09,22.56
2021-03-10,22.77
2021-03-11,23.81
2021-03-12,23.53
2021-03-15,24.2
2021-03-16,23.0
2021-03-17,23.395
2021-03-18,23.08
2021-03-19,23.6
2021-03-22,23.0
2021-03-23,21.46
2021-03-24,20.78
2021-03-25,21.25
2021-03-26,21.32
2021-03-29,20.45
2021-03-30,20.99
2021-03-31,20.72
2021-04-01,21.13
2021-04-05,20.82
2021-04-06,21.05
2021-04-07,21.13
2021-04-08,21.4
2021-04-09,21.8
2021-04-12,22.1
2021-04-13,21.34
2021-04-14,21.85
2021-04-15,22.06
2021-04-16,22.91
2021-04-19,22.17
2021-04-20,20.97
2021-04-21,21.48
2021-04-22,21.12
2021-04-23,21.94
2021-04-26,22.08
2021-04-27,22.04
2021-04-28,22.5
2021-04-29,22.36
2021-04-30,22.205
2021-05-03,22.08
2021-05-04,24.57
2021-05-05,24.37
2021-05-06,24.17
2021-05-07,24.35
2021-05-10,25.0
2021-05-11,24.61
2021-05-12,22.9
2021-05-13,23.42
2021-05-14,24.52
2021-05-17,24.98
2021-05-18,24.27
2021-05-19,23.42
2021-05-20,23.38
2021-05-21,24.13
2021-05-24,24.18
2021-05-25,23.31
2021-05-26,23.83
2021-05-27,24.43
2021-05-28,24.24
2021-06-01,24.5
2021-06-02,24.45
2021-06-03,24.91
2021-06-04,25.29
2021-06-07,26.35
2021-06-08,26.49
2021-06-09,25.91
2021-06-10,25.3
2021-06-11,25.36
2021-06-14,25.14
2021-06-15,25.68
2021-06-16,26.34
2021-06-17,25.31
2021-06-18,22.81
2021-06-21,23.67
2021-06-22,23.57
2021-06-23,23.33
2021-06-24,23.82
2021-06-25,24.0
2021-06-28,23.38
2021-06-29,23.38
2021-06-30,23.01
2021-07-01,23.32
2021-07-02,22.69
2021-07-06,22.16
2021-07-07,22.12
2021-07-08,21.57
2021-07-09,23.16
2021-07-12,23.3
2021-07-13,22.64
2021-07-14,22.48
2021-07-15,22.61
2021-07-16,21.7
2021-07-19,20.78
2021-07-20,21.4
2021-07-21,22.03
2021-07-22,21.41
2021-07-23,21.86
2021-07-26,22.16
2021-07-27,22.22
2021-07-28,22.68
2021-07-29,23.05
2021-07-30,23.37
2021-08-02,23.56
2021-08-03,23.56
2021-08-04,23.69
2021-08-05,24.43
2021-08-06,25.37
2021-08-09,25.18
2021-08-10,25.66
2021-08-11,26.3
2021-08-12,26.0
2021-08-13,25.33
2021-08-16,25.33
2021-08-17,24.31
2021-08-18,24.29
2021-08-19,23.06
2021-08-20,23.79
2021-08-23,24.18
2021-08-24,24.42
2021-08-25,24.39
2021-08-26,24.08
2021-08-27,25.56
2021-08-30,24.42
2021-08-31,24.66
2021-09-01,24.77
2021-09-02,24.31
2021-09-03,24.32
2021-09-07,24.73
2021-09-08,24.37
2021-09-09,24.44
2021-09-10,23.73
2021-09-13,23.74
2021-09-14,22.7
2021-09-15,23.1
2021-09-16,23.15
2021-09-17,22.87
2021-09-20,22.84
2021-09-21,22.63
2021-09-22,23.44
2021-09-23,24.26
2021-09-24,24.37
2021-09-27,25.19
2021-09-28,24.87
2021-09-29,25.56
2021-09-30,25.45
2021-10-01,27.56
2021-10-04,27.82
2021-10-05,27.17
2021-10-06,26.97
2021-10-07,29.64
2021-10-08,30.58
2021-10-11,29.74
2021-10-12,29.14
2021-10-13,28.9
2021-10-14,29.54
2021-10-15,29.82
2021-10-18,29.66
2021-10-19,29.89
2021-10-20,30.9
2021-10-21,31.76
2021-10-22,31.83
2021-10-25,32.31
2021-10-26,31.34
2021-10-27,30.46
2021-10-28,31.86
2021-10-29,30.55
2021-11-01,31.04
2021-11-02,30.54
2021-11-03,32.0
2021-11-04,31.77
2021-11-05,32.69
2021-11-08,32.4
2021-11-09,32.39
2021-11-10,31.91
2021-11-11,32.06
2021-11-12,31.58
2021-11-15,31.56
2021-11-16,31.56
2021-11-17,30.07
2021-11-18,30.52
2021-11-19,30.54
2021-11-22,30.82
2021-11-23,31.0
2021-11-24,30.98
2021-11-26,29.29
2021-11-29,29.12
2021-11-30,28.27
2021-12-01,27.83
2021-12-02,29.0
2021-12-03,26.98
2021-12-06,27.04
2021-12-07,26.79
2021-12-08,26.66
2021-12-09,26.16
2021-12-10,26.0
2021-12-13,25.33
2021-12-14,25.24
2021-12-15,25.15
2021-12-16,24.83
2021-12-17,24.21
2021-12-20,23.21
2021-12-21,24.14
2021-12-22,24.79
2021-12-23,24.82
2021-12-27,25.39
2021-12-28,25.05
2021-12-29,25.51
2021-12-30,25.3
2021-12-31,25.31
2022-01-03,25.68
2022-01-04,25.97
2022-01-05,26.01
2022-01-06,27.13
2022-01-07,27.28
2022-01-10,26.77
2022-01-11,26.75
2022-01-12,29.59
2022-01-13,30.95
2022-01-14,32.12
2022-01-18,31.14
2022-01-19,30.0
2022-01-20,29.31
2022-01-21,28.6
2022-01-24,29.25
2022-01-25,28.16
2022-01-26,28.07
2022-01-27,26.75
2022-01-28,27.55
2022-01-31,29.82
2022-02-01,30.37
2022-02-02,31.0
2022-02-03,30.43
2022-02-04,30.8
2022-02-07,30.78
2022-02-08,31.0
2022-02-09,30.32
2022-02-10,29.46
2022-02-11,28.58
2022-02-14,29.16
2022-02-15,30.34
2022-02-16,30.05
2022-02-17,28.67
2022-02-18,29.3
2022-02-22,29.19
2022-02-23,28.68
2022-02-24,28.29
2022-02-25,29.35
2022-02-28,29.3
2022-03-01,27.52
2022-03-02,29.52
2022-03-03,28.53
2022-03-04,26.72
2022-03-07,24.35
2022-03-08,24.83
2022-03-09,26.18
2022-03-10,27.23
2022-03-11,27.27
2022-03-14,28.23
2022-03-15,28.56
2022-03-16,29.74
2022-03-17,29.93
2022-03-18,29.56
2022-03-21,29.31
2022-03-22,30.27
2022-03-23,28.73
2022-03-24,29.33
2022-03-25,30.07
2022-03-28,29.87
2022-03-29,30.79
2022-03-30,29.52
2022-03-31,28.33
2022-04-01,28.47
2022-04-04,27.61
2022-04-05,27.39
2022-04-06,26.42
2022-04-07,25.79
2022-04-08,25.83
2022-04-11,25.83
2022-04-12,25.55
2022-04-13,25.89
2022-04-14,25.23
2022-04-18,25.27
2022-04-19,26.38
2022-04-20,26.27
2022-04-21,25.53
2022-04-22,24.72
2022-04-25,24.85
2022-04-26,23.66
2022-04-27,23.66
2022-04-28,24.54
2022-04-29,22.69
2022-05-02,22.0
2022-05-03,21.94
2022-05-04,22.49
2022-05-05,20.67
2022-05-06,20.45
2022-05-09,19.66
2022-05-10,19.06
2022-05-11,18.77
2022-05-12,18.49
2022-05-13,18.9
2022-05-16,18.53
2022-05-17,19.35
2022-05-18,18.82
2022-05-19,18.44
2022-05-20,18.47
2022-05-23,19.07
2022-05-24,18.94
2022-05-25,19.57
2022-05-26,20.41
2022-05-27,20.77
2022-05-31,20.83
2022-06-01,20.22
2022-06-02,20.74
2022-06-03,20.39
2022-06-06,20.67
2022-06-07,20.97
2022-06-08,20.59
2022-06-09,19.43
2022-06-10,18.72
2022-06-13,17.91
2022-06-14,17.9
2022-06-15,18.07
2022-06-16,16.69
2022-06-17,16.91
2022-06-21,17.9
2022-06-22,18.55
2022-06-23,18.72
2022-06-24,19.68
2022-06-27,19.55
2022-06-28,19.58
2022-06-29,19.6
2022-06-30,19.52
2022-07-01,20.16
2022-07-05,20.4
2022-07-06,20.15
2022-07-07,20.35
2022-07-08,20.44
2022-07-11,20.28
2022-07-12,20.29
2022-07-13,19.99
2022-07-14,19.86
2022-07-15,21.05
2022-07-18,21.35
2022-07-19,22.52
2022-07-20,22.99
2022-07-21,23.05
2022-07-22,22.9
2022-07-25,23.22
2022-07-26,22.99
2022-07-27,24.04
2022-07-28,23.72
2022-07-29,24.6
2022-08-01,24.35
2022-08-02,23.87
2022-08-03,24.63
2022-08-04,24.56
2022-08-05,24.71
2022-08-08,24.47
2022-08-09,23.78
2022-08-10,24.08
2022-08-11,24.54
2022-08-12,25.2
2022-08-15,25.77
2022-08-16,26.27
2022-08-17,25.9
2022-08-18,25.53
2022-08-19,24.52
2022-08-22,23.78
2022-08-23,23.76
2022-08-24,23.94
2022-08-25,24.26
2022-08-26,23.77
2022-08-29,23.65
2022-08-30,23.85
2022-08-31,23.72
2022-09-01,23.67
2022-09-02,23.59
2022-09-06,22.94
2022-09-07,23.28
2022-09-08,23.73
2022-09-09,24.37
2022-09-12,24.23
2022-09-13,23.17
2022-09-14,22.88
2022-09-15,23.41
2022-09-16,23.15
2022-09-19,23.48
2022-09-20,23.79
2022-09-21,23.61
2022-09-22,22.9
2022-09-23,22.49
2022-09-26,22.24
2022-09-27,22.06
2022-09-28,22.4
2022-09-29,22.03
2022-09-30,21.98
2022-10-03,22.6
2022-10-04,23.71
2022-10-05,23.57
2022-10-06,23.35
2022-10-07,22.68
2022-10-10,22.85
2022-10-11,23.36
2022-10-12,23.2
2022-10-13,24.3
2022-10-14,24.2
2022-10-17,25.34
2022-10-18,25.22
2022-10-19,24.72
2022-10-20,23.9
2022-10-21,24.16
2022-10-24,25.03
2022-10-25,25.16
2022-10-26,25.2
2022-10-27,25.17
2022-10-28,28.37
2022-10-31,27.58
2022-11-01,28.3
2022-11-02,28.53
2022-11-03,29.0
2022-11-04,30.55
2022-11-07,30.25
2022-11-08,29.28
2022-11-09,29.16
2022-11-10,29.91
2022-11-11,29.46
2022-11-14,30.48
2022-11-15,30.88
2022-11-16,30.26
2022-11-17,29.72
2022-11-18,29.62
2022-11-21,30.25
2022-11-22,30.38
2022-11-23,30.61
2022-11-25,31.1
2022-11-28,29.8
2022-11-29,29.4
2022-11-30,29.97
2022-12-01,30.05
2022-12-02,29.75
2022-12-05,28.98
2022-12-06,28.57
2022-12-07,28.56
2022-12-08,28.73
2022-12-09,28.65
2022-12-12,28.72
2022-12-13,28.66
2022-12-14,28.26
2022-12-15,27.47
2022-12-16,27.99
2022-12-19,28.02
2022-12-20,28.17
2022-12-21,28.92
2022-12-22,28.49
2022-12-23,28.97
2022-12-27,28.81
2022-12-28,28.29
2022-12-29,28.73
2022-12-30,28.38
2023-01-03,29.33
2023-01-04,29.47
2023-01-05,28.67
2023-01-06,29.6
2023-01-09,28.98
2023-01-10,29.69
2023-01-11,30.11
2023-01-12,30.25
2023-01-13,30.27
2023-01-17,30.29
2023-01-18,29.05
2023-01-19,28.3
2023-01-20,28.63
2023-01-23,28.95
2023-01-24,28.71
2023-01-25,29.21
2023-01-26,29.17
2023-01-27,33.83
2023-01-30,32.71
2023-01-31,33.93
2023-02-01,34.11
2023-02-02,34.97
2023-02-03,35.72
2023-02-06,35.7
2023-02-07,35.68
2023-02-08,35.35
2023-02-09,35.17
2023-02-10,34.87
2023-02-13,35.67
2023-02-14,35.81
2023-02-15,36.34
2023-02-16,36.1
2023-02-17,37.16
2023-02-21,34.39
2023-02-22,34.08
2023-02-23,34.12
2023-02-24,34.3
2023-02-27,34.54
2023-02-28,34.59
2023-03-01,34.6
2023-03-02,34.57
2023-03-03,35.27
2023-03-06,34.73
2023-03-07,33.63
2023-03-08,34.03
2023-03-09,32.23
2023-03-10,30.49
2023-03-13,26.0
2023-03-14,30.15
2023-03-15,29.95
2023-03-16,31.99
2023-03-17,29.92
2023-03-20,29.01
2023-03-21,30.25
2023-03-22,28.57
2023-03-23,27.62
2023-03-24,28.21
2023-03-27,28.96
2023-03-28,28.34
2023-03-29,28.25
2023-03-30,27.58
2023-03-31,27.85
2023-04-03,27.85
2023-04-04,27.04
2023-04-05,26.8
2023-04-06,27.35
2023-04-10,27.75
2023-04-11,27.86
2023-04-12,27.67
2023-04-13,27.75
2023-04-14,27.0
2023-04-17,27.35
2023-04-18,26.89
2023-04-19,27.91
2023-04-20,27.44
2023-04-21,27.36
2023-04-24,27.3
2023-04-25,26.08
2023-04-26,26.69
2023-04-27,27.8
2023-04-28,31.91
2023-05-01,30.74
2023-05-02,29.72
2023-05-03,30.04
2023-05-04,29.01
2023-05-05,30.78
2023-05-08,29.74
2023-05-09,29.25
2023-05-10,29.08
2023-05-11,28.49
2023-05-12,28.8
2023-05-15,29.75
2023-05-16,29.11
2023-05-17,32.01
2023-05-18,31.78
2023-05-19,31.25
2023-05-22,31.29
2023-05-23,31.56
2023-05-24,31.92
2023-05-25,32.34
2023-05-26,33.04
2023-05-30,32.68
2023-05-31,30.86
2023-06-01,31.39
2023-06-02,33.32
2023-06-05,32.76
2023-06-06,34.59
2023-06-07,35.75
2023-06-08,36.17
2023-06-09,35.85
2023-06-12,35.19
2023-06-13,36.35
2023-06-14,35.81
2023-06-15,35.79
2023-06-16,34.85
2023-06-20,34.16
2023-06-21,33.69
2023-06-22,32.73
2023-06-23,31.74
2023-06-26,31.79
2023-06-27,31.83
2023-06-28,31.97
2023-06-29,32.64
2023-06-30,32.65
2023-07-03,33.2
2023-07-05,32.62
2023-07-06,32.16
2023-07-07,32.35
2023-07-10,33.36
2023-07-11,33.46
2023-07-12,35.1
2023-07-13,36.1
2023-07-14,35.49
2023-07-17,36.78
2023-07-18,38.55
2023-07-19,38.66
2023-07-20,38.2
2023-07-21,38.54
2023-07-24,39.48
2023-07-25,39.38
2023-07-26,40.59
2023-07-27,39.06
2023-07-28,38.5
2023-07-31,37.9
2023-08-01,38.45
2023-08-02,38.54
2023-08-03,39.62
2023-08-04,40.05
2023-08-07,40.36
2023-08-08,40.2
2023-08-09,38.71
2023-08-10,38.42
2023-08-11,38.11
2023-08-14,37.68
2023-08-15,36.63
2023-08-16,35.87
2023-08-17,35.28
2023-08-18,35.27
2023-08-21,35.33
2023-08-22,34.99
2023-08-23,35.85
2023-08-24,35.56
2023-08-25,35.59
2023-08-28,36.33
2023-08-29,36.77
2023-08-30,36.66
2023-08-31,36.71
2023-09-01,37.59
2023-09-05,35.69
2023-09-06,35.99
2023-09-07,36.24
2023-09-08,36.52
2023-09-11,35.78
2023-09-12,36.26
2023-09-13,36.4
2023-09-14,36.71
2023-09-15,36.12
2023-09-18,35.12
2023-09-19,35.01
2023-09-20,34.62
2023-09-21,34.02
2023-09-22,34.06
2023-09-25,34.52
2023-09-26,34.03
2023-09-27,34.56
2023-09-28,34.57
2023-09-29,34.5
2023-10-02,34.15
2023-10-03,33.86
2023-10-04,34.07
2023-10-05,34.6
2023-10-06,34.28
2023-10-09,34.6
2023-10-10,34.89
2023-10-11,34.66
2023-10-12,34.36
2023-10-13,33.68
2023-10-16,34.96
2023-10-17,35.39
2023-10-18,34.03
2023-10-19,33.15
2023-10-20,32.18
2023-10-23,32.11
2023-10-24,31.77
2023-10-25,32.35
2023-10-26,33.0
2023-10-27,34.78
2023-10-30,34.54
2023-10-31,35.65
2023-11-01,37.01
2023-11-02,38.54
2023-11-03,39.27
2023-11-06,39.22
2023-11-07,38.2
2023-11-08,37.85
2023-11-09,37.35
2023-11-10,37.55
2023-11-13,37.52
2023-11-14,39.92
2023-11-15,39.6
2023-11-16,38.7
2023-11-17,39.55
2023-11-20,39.31
2023-11-21,38.46
2023-11-22,38.82
2023-11-24,38.88
2023-11-27,38.24
2023-11-28,38.71
2023-11-29,39.1
2023-11-30,39.01
2023-12-01,39.09
2023-12-04,39.99
2023-12-05,39.42
2023-12-06,38.93
2023-12-07,39.87
2023-12-08,39.29
2023-12-11,38.95
2023-12-12,39.19
2023-12-13,40.25
2023-12-14,41.51
2023-12-15,40.51
2023-12-18,40.59
2023-12-19,41.95
2023-12-20,40.53
2023-12-21,40.07
2023-12-22,40.19
2023-12-26,40.35
2023-12-27,39.85
2023-12-28,39.79
2023-12-29,38.56
2024-01-02,38.37
2024-01-03,37.03
2024-01-04,37.73
2024-01-05,37.62
2024-01-08,38.25
2024-01-09,38.34
2024-01-10,39.04
2024-01-11,39.42
2024-01-12,38.54
2024-01-16,37.8
2024-01-17,37.95
2024-01-18,38.1
2024-01-19,39.12
2024-01-22,40.87
2024-01-23,40.97
2024-01-24,41.22
2024-01-25,40.49
2024-01-26,43.65
2024-01-29,45.23
2024-01-30,46.99
2024-01-31,43.64
2024-02-01,42.36
2024-02-02,42.66
2024-02-05,42.37
2024-02-06,42.45
2024-02-07,42.12
2024-02-08,42.63
2024-02-09,43.89
2024-02-12,44.4
2024-02-13,42.74
2024-02-14,42.71
2024-02-15,43.7
2024-02-16,44.05
2024-02-20,43.58
2024-02-21,43.6
2024-02-22,43.2
2024-02-23,43.86
2024-02-26,44.55
2024-02-27,45.03
2024-02-28,44.65
2024-02-29,44.64
2024-03-01,44.11
2024-03-04,42.09
2024-03-05,40.43
2024-03-06,40.08
2024-03-07,37.84
2024-03-08,36.49
2024-03-11,36.87
2024-03-12,36.35
2024-03-13,35.55
2024-03-14,34.33
2024-03-15,34.36
2024-03-18,34.87
2024-03-19,35.04
2024-03-20,35.75
2024-03-21,32.12
2024-03-22,31.3
2024-03-25,31.85
2024-03-26,31.85
2024-03-27,33.78
2024-03-28,33.46
2024-04-01,32.94
2024-04-02,32.43
2024-04-03,31.75
2024-04-04,32.03
2024-04-05,31.97
2024-04-08,32.28
2024-04-09,32.68
2024-04-10,31.52
2024-04-11,31.4
2024-04-12,31.48
2024-04-15,31.91
2024-04-16,32.28
2024-04-17,32.84
2024-04-18,33.19
2024-04-19,33.94
2024-04-22,34.5
2024-04-23,34.9
2024-04-24,33.6
2024-04-25,33.41
2024-04-26,30.8
2024-04-29,31.11
2024-04-30,29.94
2024-05-01,31.27
2024-05-02,31.32
2024-05-03,31.92
2024-05-06,32.29
2024-05-07,32.42
2024-05-08,33.14
2024-05-09,33.05
2024-05-10,33.11
2024-05-13,33.9
2024-05-14,34.61
2024-05-15,32.97
2024-05-16,33.4
2024-05-17,33.69
2024-05-20,33.61
2024-05-21,33.77
2024-05-22,33.54
2024-05-23,32.75
2024-05-24,32.85
2024-05-28,32.81
2024-05-29,31.57
2024-05-30,32.32
2024-05-31,33.59
2024-06-03,32.78
2024-06-04,32.24
2024-06-05,32.31
2024-06-06,33.03
2024-06-07,32.5
2024-06-10,32.32
2024-06-11,32.26
2024-06-12,33.26
2024-06-13,33.11
2024-06-14,32.76
2024-06-17,33.81
2024-06-18,33.92
2024-06-20,34.21
2024-06-21,34.45
2024-06-24,34.98
2024-06-25,35.57
2024-06-26,35.75
2024-06-27,36.49
2024-06-28,37.76
2024-07-01,37.9
2024-07-02,38.57
2024-07-03,37.82
2024-07-05,38.02
2024-07-08,38.82
2024-07-09,39.67
2024-07-10,41.06
2024-07-11,42.55
2024-07-12,43.17
2024-07-15,45.2
2024-07-16,48.16
2024-07-17,49.1
2024-07-18,48.03
2024-07-19,48.25
2024-07-22,49.72
2024-07-23,50.96
2024-07-24,49.55
2024-07-25,51.3
2024-07-26,52.04
2024-07-29,50.48
2024-07-30,51.14
2024-07-31,51.84
2024-08-01,49.62
2024-08-02,48.54
2024-08-05,47.4
2024-08-06,46.91
2024-08-07,46.53
2024-08-08,47.3
2024-08-09,46.92
2024-08-12,46.01
2024-08-13,45.67
2024-08-14,46.05
2024-08-15,47.21
2024-08-16,48.85
2024-08-19,48.33
2024-08-20,48.17
2024-08-21,49.01
2024-08-22,49.53
2024-08-23,52.26
2024-08-26,51.01
2024-08-27,50.49
2024-08-28,50.13
2024-08-29,51.7
2024-08-30,52.4
2024-09-03,51.5
2024-09-04,49.69
2024-09-05,49.8
2024-09-06,49.04
2024-09-09,49.03
2024-09-10,48.11
2024-09-11,46.83
2024-09-12,47.57
2024-09-13,49.49
2024-09-16,51.71
2024-09-17,52.5
2024-09-18,52.5
2024-09-19,54.21
2024-09-20,53.11
2024-09-23,53.01
2024-09-24,51.61
2024-09-25,51.33
2024-09-26,51.82
2024-09-27,52.59
2024-09-30,53.5
2024-10-01,50.22
2024-10-02,51.15
2024-10-03,52.23
2024-10-04,53.97
2024-10-07,53.93
2024-10-08,53.6
2024-10-09,53.04
2024-10-10,52.79
2024-10-11,55.13
2024-10-14,56.26
2024-10-15,57.25
2024-10-16,58.39
2024-10-17,59.01
2024-10-18,58.21
2024-10-21,56.12
2024-10-22,55.88
2024-10-23,54.8
2024-10-24,54.96
2024-10-25,47.01
2024-10-28,50.2
2024-10-29,49.03
2024-10-30,50.42
2024-10-31,50.26
2024-11-01,49.65
2024-11-04,48.62
2024-11-05,49.33
2024-11-06,56.81
2024-11-07,53.58
2024-11-08,54.59
2024-11-11,58.35
2024-11-12,57.4
2024-11-13,56.82
2024-11-14,54.24
2024-11-15,55.17
2024-11-18,55.68
2024-11-19,54.95
2024-11-20,54.98
2024-11-21,55.9
2024-11-22,57.42
2024-11-25,60.36
2024-11-26,58.83
2024-11-27,59.05
2024-11-29,58.43
2024-12-02,57.33
2024-12-03,56.75
2024-12-04,57.79
2024-12-05,56.88
2024-12-06,57.56
2024-12-09,55.81
2024-12-10,55.18
2024-12-11,55.91
2024-12-12,55.82
2024-12-13,56.08
2024-12-16,56.85
2024-12-17,55.49
2024-12-18,52.31
2024-12-19,51.96
2024-12-20,53.31
2024-12-23,53.36
2024-12-24,54.0
2024-12-26,54.52
2024-12-27,53.58
2024-12-30,53.26
2024-12-31,52.63
2025-01-02,51.69
2025-01-03,53.69
2025-01-06,53.16
2025-01-07,52.56
2025-01-08,51.91
2025-01-10,50.3
2025-01-13,51.33
2025-01-14,53.52
2025-01-15,54.82
2025-01-16,55.57
2025-01-17,55.87
2025-01-21,55.84
2025-01-22,55.23
2025-01-23,55.21
2025-01-24,55.56
2025-01-27,56.0
2025-01-28,55.63
2025-01-29,55.36
2025-01-30,57.64
2025-01-31,61.06
2025-02-03,61.12
2025-02-04,62.34
2025-02-05,62.75
2025-02-06,62.56
2025-02-07,61.66
2025-02-10,60.25
2025-02-11,62.51
2025-02-12,60.99
2025-02-13,61.52
2025-02-14,60.49
2025-02-18,60.74
2025-02-19,60.02
2025-02-20,58.32
2025-02-21,56.13
2025-02-24,55.5
2025-02-25,55.26
2025-02-26,55.06
2025-02-27,55.34
2025-02-28,55.82
2025-03-03,55.08
2025-03-04,53.59
2025-03-05,51.25
2025-03-06,50.72
2025-03-07,51.58
2025-03-10,50.18
2025-03-11,49.74
2025-03-12,50.75
2025-03-13,50.53
2025-03-14,51.84
2025-03-17,52.71
2025-03-18,52.58
2025-03-19,54.96
2025-03-20,54.42
2025-03-21,54.93
2025-03-24,57.07
2025-03-25,56.33
2025-03-26,53.56
2025-03-27,53.59
2025-03-28,52.59
2025-03-31,52.84
2025-04-01,53.54
2025-04-02,54.76
2025-04-03,48.96
2025-04-04,43.92
2025-04-07,40.93
2025-04-08,42.03
2025-04-09,46.99
2025-04-10,42.96
2025-04-11,43.63
2025-04-14,45.24
2025-04-15,46.06
2025-04-16,45.64
2025-04-17,45.6
2025-04-21,43.51
2025-04-22,45.82
2025-04-23,48.38
2025-04-24,49.69
2025-04-25,47.99
2025-04-28,47.71
2025-04-29,48.75
2025-04-30,48.31
2025-05-01,49.47
2025-05-02,51.9
2025-05-05,51.99
2025-05-06,51.68
2025-05-07,51.27
2025-05-08,52.17
2025-05-09,51.44
2025-05-12,54.09
2025-05-13,54.66
2025-05-14,54.62
2025-05-15,54.34
2025-05-16,53.93
2025-05-19,53.78
2025-05-20,54.35
2025-05-21,52.1
2025-05-22,51.78
2025-05-23,51.1
